,GAME_ID,EVENTNUM,EVENTMSGTYPE,EVENTMSGACTIONTYPE,PERIOD,WCTIMESTRING,PCTIMESTRING,HOMEDESCRIPTION,NEUTRALDESCRIPTION,VISITORDESCRIPTION,SCORE,SCOREMARGIN,PERSON1TYPE,PLAYER1_ID,PLAYER1_NAME,PLAYER1_TEAM_ID,PLAYER1_TEAM_CITY,PLAYER1_TEAM_NICKNAME,PLAYER1_TEAM_ABBREVIATION,PERSON2TYPE,PLAYER2_ID,PLAYER2_NAME,PLAYER2_TEAM_ID,PLAYER2_TEAM_CITY,PLAYER2_TEAM_NICKNAME,PLAYER2_TEAM_ABBREVIATION,PERSON3TYPE,PLAYER3_ID,PLAYER3_NAME,PLAYER3_TEAM_ID,PLAYER3_TEAM_CITY,PLAYER3_TEAM_NICKNAME,PLAYER3_TEAM_ABBREVIATION,VIDEO_AVAILABLE_FLAG
0,0042100301,2,12,0,1,8:47 PM,12:00,,Start of 1st Period (8:47 PM EST),,,,0,0,,,,,,0,0,,,,,,0,0,,,,,,0
1,0042100301,4,10,0,1,8:47 PM,12:00,Jump Ball Adebayo vs. Williams III: Tip to Williams,,,,,4,1628389,Bam Adebayo,1610612748.0,Miami,Heat,MIA,5,1629057,Robert Williams III,1610612738.0,Boston,Celtics,BOS,5,1629684,Grant Williams,1610612738.0,Boston,Celtics,BOS,1
2,0042100301,7,1,80,1,8:47 PM,11:39,,,Williams 25' 3PT Step Back Jump Shot (3 PTS) (Tatum 1 AST),3 - 0,-3,5,1629684,Grant Williams,1610612738.0,Boston,Celtics,BOS,5,1628369,Jayson Tatum,1610612738.0,Boston,Celtics,BOS,0,0,,,,,,1
3,0042100301,9,2,78,1,8:47 PM,11:17,MISS Tucker 10' Floating Jump Shot,,,,,4,200782,P.J. Tucker,1610612748.0,Miami,Heat,MIA,0,0,,,,,,0,0,,,,,,1
4,0042100301,10,4,0,1,8:47 PM,11:14,,,Brown REBOUND (Off:0 Def:1),,,5,1627759,Jaylen Brown,1610612738.0,Boston,Celtics,BOS,0,0,,,,,,0,0,,,,,,1
5,0042100301,11,1,101,1,8:48 PM,11:02,,,Tatum 4' Driving Floating Jump Shot (2 PTS) (Brown 1 AST),5 - 0,-5,5,1628369,Jayson Tatum,1610612738.0,Boston,Celtics,BOS,5,1627759,Jaylen Brown,1610612738.0,Boston,Celtics,BOS,0,0,,,,,,1
6,0042100301,13,2,79,1,8:48 PM,10:46,MISS Butler 18' Pullup Jump Shot,,,,,4,202710,Jimmy Butler,1610612748.0,Miami,Heat,MIA,0,0,,,,,,0,0,,,,,,1
7,0042100301,14,4,0,1,8:48 PM,10:43,,,Tatum REBOUND (Off:0 Def:1),,,5,1628369,Jayson Tatum,1610612738.0,Boston,Celtics,BOS,0,0,,,,,,0,0,,,,,,1
8,0042100301,15,2,73,1,8:48 PM,10:42,,,MISS Brown 2' Driving Reverse Layup,,,5,1627759,Jaylen Brown,1610612738.0,Boston,Celtics,BOS,0,0,,,,,,0,0,,,,,,1
9,0042100301,16,4,0,1,8:48 PM,10:41,,,Williams III REBOUND (Off:1 Def:0),,,5,1629057,Robert Williams III,1610612738.0,Boston,Celtics,BOS,0,0,,,,,,0,0,,,,,,1
10,0042100301,17,6,2,1,8:48 PM,10:40,Strus S.FOUL (P1.T1) (E.Malloy),,,,,4,1629622,Max Strus,1610612748.0,Miami,Heat,MIA,5,1629057,Robert Williams III,1610612738.0,Boston,Celtics,BOS,1,0,,,,,,1
11,0042100301,19,3,11,1,8:49 PM,10:40,,,Williams III Free Throw 1 of 2 (1 PTS),6 - 0,-6,5,1629057,Robert Williams III,1610612738.0,Boston,Celtics,BOS,0,0,,,,,,0,0,,,,,,1
12,0042100301,20,3,12,1,8:49 PM,10:40,,,Williams III Free Throw 2 of 2 (2 PTS),7 - 0,-7,5,1629057,Robert Williams III,1610612738.0,Boston,Celtics,BOS,0,0,,,,,,0,0,,,,,,1
13,0042100301,21,2,101,1,8:49 PM,10:27,MISS Vincent 11' Driving Floating Jump Shot,,Williams III BLOCK (1 BLK),,,4,1629216,Gabe Vincent,1610612748.0,Miami,Heat,MIA,0,0,,,,,,5,1629057,Robert Williams III,1610612738.0,Boston,Celtics,BOS,1
14,0042100301,23,4,0,1,8:49 PM,10:23,,,Tatum REBOUND (Off:0 Def:2),,,5,1628369,Jayson Tatum,1610612738.0,Boston,Celtics,BOS,0,0,,,,,,0,0,,,,,,1
15,0042100301,24,7,5,1,8:49 PM,10:21,Adebayo Violation:Kicked Ball (Z.Zarba),,,,,4,1628389,Bam Adebayo,1610612748.0,Miami,Heat,MIA,0,0,,,,,,1,0,,,,,,0
16,0042100301,25,2,5,1,8:50 PM,10:06,,,MISS Brown 1' Layup,,,5,1627759,Jaylen Brown,1610612738.0,Boston,Celtics,BOS,0,0,,,,,,0,0,,,,,,1
17,0042100301,26,4,0,1,8:50 PM,10:02,Butler REBOUND (Off:0 Def:1),,,,,4,202710,Jimmy Butler,1610612748.0,Miami,Heat,MIA,0,0,,,,,,0,0,,,,,,1
18,0042100301,27,2,1,1,8:50 PM,9:56,MISS Vincent 24' 3PT Jump Shot,,,,,4,1629216,Gabe Vincent,1610612748.0,Miami,Heat,MIA,0,0,,,,,,0,0,,,,,,1
19,0042100301,28,4,0,1,8:50 PM,9:54,Butler REBOUND (Off:1 Def:1),,,,,4,202710,Jimmy Butler,1610612748.0,Miami,Heat,MIA,0,0,,,,,,0,0,,,,,,1
20,0042100301,29,2,105,1,8:50 PM,9:51,MISS Butler 3' Turnaround Fadeaway Bank Jump Shot,,,,,4,202710,Jimmy Butler,1610612748.0,Miami,Heat,MIA,0,0,,,,,,0,0,,,,,,1
21,0042100301,30,4,0,1,8:50 PM,9:48,Butler REBOUND (Off:2 Def:1),,,,,4,202710,Jimmy Butler,1610612748.0,Miami,Heat,MIA,0,0,,,,,,0,0,,,,,,1
22,0042100301,31,2,1,1,8:50 PM,9:44,MISS Strus 26' 3PT Jump Shot,,,,,4,1629622,Max Strus,1610612748.0,Miami,Heat,MIA,0,0,,,,,,0,0,,,,,,1
23,0042100301,32,4,0,1,8:50 PM,9:44,,,Williams REBOUND (Off:0 Def:1),,,5,1629684,Grant Williams,1610612738.0,Boston,Celtics,BOS,0,0,,,,,,0,0,,,,,,1
24,0042100301,33,10,0,1,8:51 PM,9:39, ,,,,,4,202710,Jimmy Butler,1610612748.0,Miami,Heat,MIA,5,1629684,Grant Williams,1610612738.0,Boston,Celtics,BOS,3,1610612748,,,,,,1
25,0042100301,83,5,2,1,8:51 PM,9:39,Butler STEAL (1 STL),,Williams Lost Ball Turnover (P1.T1),,,5,1629684,Grant Williams,1610612738.0,Boston,Celtics,BOS,4,202710,Jimmy Butler,1610612748.0,Miami,Heat,MIA,0,0,,,,,,1
26,0042100301,36,2,1,1,8:51 PM,9:32,MISS Strus 27' 3PT Jump Shot,,White BLOCK (1 BLK),,,4,1629622,Max Strus,1610612748.0,Miami,Heat,MIA,0,0,,,,,,5,1628401,Derrick White,1610612738.0,Boston,Celtics,BOS,1
27,0042100301,38,4,0,1,8:51 PM,9:30,,,Williams III REBOUND (Off:1 Def:1),,,5,1629057,Robert Williams III,1610612738.0,Boston,Celtics,BOS,0,0,,,,,,0,0,,,,,,1
28,0042100301,39,2,41,1,8:51 PM,9:30,Vincent BLOCK (1 BLK),,MISS White 2' Running Layup,,,5,1628401,Derrick White,1610612738.0,Boston,Celtics,BOS,0,0,,,,,,4,1629216,Gabe Vincent,1610612748.0,Miami,Heat,MIA,1
29,0042100301,41,4,0,1,8:51 PM,9:30,,,Celtics Rebound,,,3,1610612738,,,,,,0,0,,,,,,0,0,,,,,,0
30,0042100301,43,2,75,1,8:52 PM,9:24,,,MISS Tatum 7' Driving Finger Roll Layup,,,5,1628369,Jayson Tatum,1610612738.0,Boston,Celtics,BOS,0,0,,,,,,0,0,,,,,,1
31,0042100301,44,4,0,1,8:52 PM,9:21,Adebayo REBOUND (Off:0 Def:1),,,,,4,1628389,Bam Adebayo,1610612748.0,Miami,Heat,MIA,0,0,,,,,,0,0,,,,,,1
32,0042100301,45,1,86,1,8:52 PM,9:14,Adebayo 11' Turnaround Fadeaway (2 PTS),,,7 - 2,-5,4,1628389,Bam Adebayo,1610612748.0,Miami,Heat,MIA,0,0,,,,,,0,0,,,,,,1
33,0042100301,46,5,45,1,8:52 PM,9:00,,,Williams III Out of Bounds - Bad Pass Turnover Turnover (P1.T2),,,5,1629057,Robert Williams III,1610612738.0,Boston,Celtics,BOS,0,0,,,,,,1,0,,,,,,1
34,0042100301,47,1,78,1,8:52 PM,8:49,Tucker 10' Floating Jump Shot (2 PTS) (Vincent 1 AST),,,7 - 4,-3,4,200782,P.J. Tucker,1610612748.0,Miami,Heat,MIA,4,1629216,Gabe Vincent,1610612748.0,Miami,Heat,MIA,0,0,,,,,,1
35,0042100301,49,1,1,1,8:53 PM,8:34,,,Brown 27' 3PT Jump Shot (3 PTS),10 - 4,-6,5,1627759,Jaylen Brown,1610612738.0,Boston,Celtics,BOS,0,0,,,,,,0,0,,,,,,1
36,0042100301,50,5,40,1,8:53 PM,8:16,Strus Out of Bounds Lost Ball Turnover (P1.T1),,,,,4,1629622,Max Strus,1610612748.0,Miami,Heat,MIA,0,0,,,,,,1,0,,,,,,1
37,0042100301,51,2,1,1,8:53 PM,8:06,,,MISS Williams 24' 3PT Jump Shot,,,5,1629684,Grant Williams,1610612738.0,Boston,Celtics,BOS,0,0,,,,,,0,0,,,,,,1
38,0042100301,52,4,0,1,8:53 PM,8:02,Tucker REBOUND (Off:0 Def:1),,,,,4,200782,P.J. Tucker,1610612748.0,Miami,Heat,MIA,0,0,,,,,,0,0,,,,,,1
39,0042100301,53,5,1,1,8:54 PM,7:52,Vincent Bad Pass Turnover (P1.T2),,Williams STEAL (1 STL),,,4,1629216,Gabe Vincent,1610612748.0,Miami,Heat,MIA,5,1629684,Grant Williams,1610612738.0,Boston,Celtics,BOS,0,0,,,,,,1
40,0042100301,55,1,74,1,8:54 PM,7:47,,,Tatum 1' Running Reverse Layup (4 PTS) (Williams 1 AST),12 - 4,-8,5,1628369,Jayson Tatum,1610612738.0,Boston,Celtics,BOS,5,1629684,Grant Williams,1610612738.0,Boston,Celtics,BOS,0,0,,,,,,1
41,0042100301,57,1,9,1,8:54 PM,7:26,Butler 1' Driving Dunk (2 PTS),,,12 - 6,-6,4,202710,Jimmy Butler,1610612748.0,Miami,Heat,MIA,0,0,,,,,,0,0,,,,,,1
42,0042100301,58,1,75,1,8:54 PM,7:12,,,Tatum 1' Driving Finger Roll Layup (6 PTS) (Williams III 1 AST),14 - 6,-8,5,1628369,Jayson Tatum,1610612738.0,Boston,Celtics,BOS,5,1629057,Robert Williams III,1610612738.0,Boston,Celtics,BOS,0,0,,,,,,1
43,0042100301,60,6,2,1,8:54 PM,7:12,Strus S.FOUL (P2.T2) (T.Brothers),,,,,4,1629622,Max Strus,1610612748.0,Miami,Heat,MIA,5,1628369,Jayson Tatum,1610612738.0,Boston,Celtics,BOS,1,0,,,,,,1
44,0042100301,62,3,10,1,8:55 PM,7:12,,,MISS Tatum Free Throw 1 of 1,,,5,1628369,Jayson Tatum,1610612738.0,Boston,Celtics,BOS,0,0,,,,,,0,0,,,,,,1
45,0042100301,63,4,0,1,8:55 PM,7:08,Adebayo REBOUND (Off:0 Def:2),,,,,4,1628389,Bam Adebayo,1610612748.0,Miami,Heat,MIA,0,0,,,,,,0,0,,,,,,1
46,0042100301,64,5,1,1,8:55 PM,6:58,Tucker Bad Pass Turnover (P1.T3),,,,,4,200782,P.J. Tucker,1610612748.0,Miami,Heat,MIA,0,0,,,,,,0,0,,,,,,1
47,0042100301,65,6,3,1,8:55 PM,6:58,Tucker L.B.FOUL (P1.T3) (Z.Zarba),,,,,4,200782,P.J. Tucker,1610612748.0,Miami,Heat,MIA,5,1628369,Jayson Tatum,1610612738.0,Boston,Celtics,BOS,1,0,,,,,,1
48,0042100301,67,9,1,1,8:55 PM,6:58,HEAT Timeout: Regular (Full 1 Short 0),,,,,2,1610612748,,,,,,0,0,,,,,,0,0,,,,,,0
49,0042100301,69,8,0,1,8:55 PM,6:58,SUB: Herro FOR Strus,,,,,4,1629622,Max Strus,1610612748.0,Miami,Heat,MIA,4,1629639,Tyler Herro,1610612748.0,Miami,Heat,MIA,0,0,,,,,,0
50,0042100301,71,2,80,1,8:59 PM,6:43,,,MISS Tatum 27' 3PT Step Back Jump Shot,,,5,1628369,Jayson Tatum,1610612738.0,Boston,Celtics,BOS,0,0,,,,,,0,0,,,,,,1
51,0042100301,72,4,0,1,8:59 PM,6:38,Herro REBOUND (Off:0 Def:1),,,,,4,1629639,Tyler Herro,1610612748.0,Miami,Heat,MIA,0,0,,,,,,0,0,,,,,,1
52,0042100301,73,1,79,1,8:59 PM,6:33,Herro 26' 3PT Pullup Jump Shot (3 PTS),,,14 - 9,-5,4,1629639,Tyler Herro,1610612748.0,Miami,Heat,MIA,0,0,,,,,,0,0,,,,,,1
53,0042100301,74,2,101,1,9:00 PM,6:05,,,MISS White 9' Driving Floating Jump Shot,,,5,1628401,Derrick White,1610612738.0,Boston,Celtics,BOS,0,0,,,,,,0,0,,,,,,1
54,0042100301,75,4,0,1,9:00 PM,6:03,,,Williams III REBOUND (Off:2 Def:1),,,5,1629057,Robert Williams III,1610612738.0,Boston,Celtics,BOS,0,0,,,,,,0,0,,,,,,1
55,0042100301,76,1,72,1,9:00 PM,6:01,,,Williams III 3' Putback Layup (4 PTS),16 - 9,-7,5,1629057,Robert Williams III,1610612738.0,Boston,Celtics,BOS,0,0,,,,,,0,0,,,,,,1
56,0042100301,77,6,1,1,9:00 PM,5:50,,,Brown P.FOUL (P1.T1) (T.Brothers),,,5,1627759,Jaylen Brown,1610612738.0,Boston,Celtics,BOS,4,1629639,Tyler Herro,1610612748.0,Miami,Heat,MIA,1,0,,,,,,1
57,0042100301,79,2,79,1,9:01 PM,5:41,MISS Herro 19' Pullup Jump Shot,,,,,4,1629639,Tyler Herro,1610612748.0,Miami,Heat,MIA,0,0,,,,,,0,0,,,,,,1
58,0042100301,80,4,0,1,9:01 PM,5:36,,,Tatum REBOUND (Off:0 Def:3),,,5,1628369,Jayson Tatum,1610612738.0,Boston,Celtics,BOS,0,0,,,,,,0,0,,,,,,1
59,0042100301,81,1,98,1,9:01 PM,5:30,,,Williams III 2' Cutting Layup Shot (6 PTS) (White 1 AST),18 - 9,-9,5,1629057,Robert Williams III,1610612738.0,Boston,Celtics,BOS,5,1628401,Derrick White,1610612738.0,Boston,Celtics,BOS,0,0,,,,,,1
60,0042100301,84,1,101,1,9:01 PM,5:16,Butler 7' Driving Floating Jump Shot (4 PTS) (Herro 1 AST),,,18 - 11,-7,4,202710,Jimmy Butler,1610612748.0,Miami,Heat,MIA,4,1629639,Tyler Herro,1610612748.0,Miami,Heat,MIA,0,0,,,,,,1
61,0042100301,86,2,1,1,9:01 PM,4:57,,,MISS Tatum 27' 3PT Jump Shot,,,5,1628369,Jayson Tatum,1610612738.0,Boston,Celtics,BOS,0,0,,,,,,0,0,,,,,,1
62,0042100301,87,4,0,1,9:01 PM,4:54,Herro REBOUND (Off:0 Def:2),,,,,4,1629639,Tyler Herro,1610612748.0,Miami,Heat,MIA,0,0,,,,,,0,0,,,,,,1
63,0042100301,88,1,98,1,9:01 PM,4:44,Adebayo 2' Cutting Layup Shot (4 PTS) (Herro 2 AST),,,18 - 13,-5,4,1628389,Bam Adebayo,1610612748.0,Miami,Heat,MIA,4,1629639,Tyler Herro,1610612748.0,Miami,Heat,MIA,0,0,,,,,,1
64,0042100301,90,1,1,1,9:02 PM,4:23,,,Williams III 5' Jump Shot (8 PTS) (Brown 2 AST),20 - 13,-7,5,1629057,Robert Williams III,1610612738.0,Boston,Celtics,BOS,5,1627759,Jaylen Brown,1610612738.0,Boston,Celtics,BOS,0,0,,,,,,1
65,0042100301,92,1,73,1,9:02 PM,4:10,Vincent 1' Driving Reverse Layup (2 PTS),,,20 - 15,-5,4,1629216,Gabe Vincent,1610612748.0,Miami,Heat,MIA,0,0,,,,,,0,0,,,,,,1
66,0042100301,93,6,1,1,9:02 PM,3:53,Herro P.FOUL (P1.T4) (Z.Zarba),,,,,4,1629639,Tyler Herro,1610612748.0,Miami,Heat,MIA,5,1628401,Derrick White,1610612738.0,Boston,Celtics,BOS,1,0,,,,,,1
67,0042100301,95,3,11,1,9:03 PM,3:53,,,MISS White Free Throw 1 of 2,,,5,1628401,Derrick White,1610612738.0,Boston,Celtics,BOS,0,0,,,,,,0,0,,,,,,1
68,0042100301,96,4,1,1,9:03 PM,3:53,,,Celtics Rebound,,,3,1610612738,,,,,,0,0,,,,,,0,0,,,,,,0
69,0042100301,97,8,0,1,9:03 PM,3:53,SUB: Dedmon FOR Vincent,,,,,4,1629216,Gabe Vincent,1610612748.0,Miami,Heat,MIA,4,203473,Dewayne Dedmon,1610612748.0,Miami,Heat,MIA,0,0,,,,,,0
70,0042100301,98,8,0,1,9:03 PM,3:53,SUB: Oladipo FOR Adebayo,,,,,4,1628389,Bam Adebayo,1610612748.0,Miami,Heat,MIA,4,203506,Victor Oladipo,1610612748.0,Miami,Heat,MIA,0,0,,,,,,0
71,0042100301,99,8,0,1,9:03 PM,3:53,,,SUB: Theis FOR Tatum,,,5,1628369,Jayson Tatum,1610612738.0,Boston,Celtics,BOS,5,1628464,Daniel Theis,1610612738.0,Boston,Celtics,BOS,0,0,,,,,,0
72,0042100301,100,8,0,1,9:03 PM,3:53,,,SUB: Pritchard FOR Williams III,,,5,1629057,Robert Williams III,1610612738.0,Boston,Celtics,BOS,5,1630202,Payton Pritchard,1610612738.0,Boston,Celtics,BOS,0,0,,,,,,0
73,0042100301,105,3,12,1,9:03 PM,3:53,,,White Free Throw 2 of 2 (1 PTS),21 - 15,-6,5,1628401,Derrick White,1610612738.0,Boston,Celtics,BOS,0,0,,,,,,0,0,,,,,,1
74,0042100301,106,1,7,1,9:04 PM,3:34,Dedmon 2' Dunk (2 PTS) (Tucker 1 AST),,,21 - 17,-4,4,203473,Dewayne Dedmon,1610612748.0,Miami,Heat,MIA,4,200782,P.J. Tucker,1610612748.0,Miami,Heat,MIA,0,0,,,,,,1
75,0042100301,108,2,47,1,9:04 PM,3:11,,,MISS Williams 7' Turnaround Jump Shot,,,5,1629684,Grant Williams,1610612738.0,Boston,Celtics,BOS,0,0,,,,,,0,0,,,,,,1
76,0042100301,109,4,0,1,9:04 PM,3:09,Tucker REBOUND (Off:0 Def:2),,,,,4,200782,P.J. Tucker,1610612748.0,Miami,Heat,MIA,0,0,,,,,,0,0,,,,,,1
77,0042100301,110,1,41,1,9:04 PM,3:06,Butler 1' Running Layup (6 PTS) (Herro 3 AST),,,21 - 19,-2,4,202710,Jimmy Butler,1610612748.0,Miami,Heat,MIA,4,1629639,Tyler Herro,1610612748.0,Miami,Heat,MIA,0,0,,,,,,1
78,0042100301,112,2,6,1,9:05 PM,2:49,Dedmon BLOCK (1 BLK),,MISS Brown 3' Driving Layup,,,5,1627759,Jaylen Brown,1610612738.0,Boston,Celtics,BOS,0,0,,,,,,4,203473,Dewayne Dedmon,1610612748.0,Miami,Heat,MIA,1
79,0042100301,113,4,0,1,9:05 PM,2:47,Butler REBOUND (Off:2 Def:2),,,,,4,202710,Jimmy Butler,1610612748.0,Miami,Heat,MIA,0,0,,,,,,0,0,,,,,,1
80,0042100301,114,1,101,1,9:05 PM,2:40,Herro 8' Driving Floating Jump Shot (5 PTS) (Butler 1 AST),,,21 - 21,TIE,4,1629639,Tyler Herro,1610612748.0,Miami,Heat,MIA,4,202710,Jimmy Butler,1610612748.0,Miami,Heat,MIA,0,0,,,,,,1
81,0042100301,116,9,1,1,9:05 PM,2:40,,,Celtics Timeout: Regular (Reg.1 Short 0),,,3,1610612738,,,,,,0,0,,,,,,0,0,,,,,,0
82,0042100301,118,8,0,1,9:05 PM,2:40,SUB: Martin FOR Tucker,,,,,4,200782,P.J. Tucker,1610612748.0,Miami,Heat,MIA,4,1628997,Caleb Martin,1610612748.0,Miami,Heat,MIA,0,0,,,,,,0
83,0042100301,119,8,0,1,9:05 PM,2:40,,,SUB: Tatum FOR Brown,,,5,1627759,Jaylen Brown,1610612738.0,Boston,Celtics,BOS,5,1628369,Jayson Tatum,1610612738.0,Boston,Celtics,BOS,0,0,,,,,,0
84,0042100301,122,5,1,1,9:09 PM,2:18,Oladipo STEAL (1 STL),,Tatum Bad Pass Turnover (P1.T3),,,5,1628369,Jayson Tatum,1610612738.0,Boston,Celtics,BOS,4,203506,Victor Oladipo,1610612748.0,Miami,Heat,MIA,0,0,,,,,,1
85,0042100301,124,1,50,1,9:09 PM,2:13,Martin 1' Running Dunk (2 PTS) (Oladipo 1 AST),,,21 - 23,2,4,1628997,Caleb Martin,1610612748.0,Miami,Heat,MIA,4,203506,Victor Oladipo,1610612748.0,Miami,Heat,MIA,0,0,,,,,,1
86,0042100301,126,1,6,1,9:09 PM,1:57,,,Tatum 1' Driving Layup (8 PTS),23 - 23,TIE,5,1628369,Jayson Tatum,1610612738.0,Boston,Celtics,BOS,0,0,,,,,,0,0,,,,,,1
87,0042100301,127,5,1,1,9:10 PM,1:37,Herro Bad Pass Turnover (P1.T4),,Pritchard STEAL (1 STL),,,4,1629639,Tyler Herro,1610612748.0,Miami,Heat,MIA,5,1630202,Payton Pritchard,1610612738.0,Boston,Celtics,BOS,0,0,,,,,,1
88,0042100301,129,6,26,1,9:10 PM,1:29,,,White Offensive Charge Foul (P1) (E.Malloy),,,5,1628401,Derrick White,1610612738.0,Boston,Celtics,BOS,4,1628997,Caleb Martin,1610612748.0,Miami,Heat,MIA,1,0,,,,,,1
89,0042100301,131,5,37,1,9:10 PM,1:29,,,White Offensive Foul Turnover (P1.T4),,,5,1628401,Derrick White,1610612738.0,Boston,Celtics,BOS,0,0,,,,,,1,0,,,,,,1
90,0042100301,132,6,26,1,9:10 PM,1:16,Butler Offensive Charge Foul (P1) (Z.Zarba),,,,,4,202710,Jimmy Butler,1610612748.0,Miami,Heat,MIA,5,1628401,Derrick White,1610612738.0,Boston,Celtics,BOS,1,0,,,,,,1
91,0042100301,134,5,37,1,9:10 PM,1:16,Butler Offensive Foul Turnover (P1.T5),,,,,4,202710,Jimmy Butler,1610612748.0,Miami,Heat,MIA,0,0,,,,,,1,0,,,,,,1
92,0042100301,135,8,0,1,9:11 PM,1:16,SUB: Strus FOR Butler,,,,,4,202710,Jimmy Butler,1610612748.0,Miami,Heat,MIA,4,1629622,Max Strus,1610612748.0,Miami,Heat,MIA,0,0,,,,,,0
93,0042100301,137,1,101,1,9:11 PM,1:00,,,Tatum 11' Driving Floating Jump Shot (10 PTS) (White 2 AST),25 - 23,-2,5,1628369,Jayson Tatum,1610612738.0,Boston,Celtics,BOS,5,1628401,Derrick White,1610612738.0,Boston,Celtics,BOS,0,0,,,,,,1
94,0042100301,138,2,79,1,9:11 PM,0:47,MISS Oladipo 18' Pullup Jump Shot,,,,,4,203506,Victor Oladipo,1610612748.0,Miami,Heat,MIA,0,0,,,,,,0,0,,,,,,1
95,0042100301,139,4,0,1,9:11 PM,0:44,Strus REBOUND (Off:1 Def:0),,,,,4,1629622,Max Strus,1610612748.0,Miami,Heat,MIA,0,0,,,,,,0,0,,,,,,1
96,0042100301,140,2,1,1,9:11 PM,0:43,MISS Herro 27' 3PT Jump Shot,,,,,4,1629639,Tyler Herro,1610612748.0,Miami,Heat,MIA,0,0,,,,,,0,0,,,,,,1
97,0042100301,141,4,0,1,9:11 PM,0:37,,,Theis REBOUND (Off:0 Def:1),,,5,1628464,Daniel Theis,1610612738.0,Boston,Celtics,BOS,0,0,,,,,,0,0,,,,,,1
98,0042100301,142,1,1,1,9:11 PM,0:35,,,Pritchard 26' 3PT Jump Shot (3 PTS) (White 3 AST),28 - 23,-5,5,1630202,Payton Pritchard,1610612738.0,Boston,Celtics,BOS,5,1628401,Derrick White,1610612738.0,Boston,Celtics,BOS,0,0,,,,,,1
99,0042100301,144,1,101,1,9:12 PM,0:18,Herro 13' Driving Floating Jump Shot (7 PTS),,,28 - 25,-3,4,1629639,Tyler Herro,1610612748.0,Miami,Heat,MIA,0,0,,,,,,0,0,,,,,,1
100,0042100301,145,2,1,1,9:12 PM,0:01,,,MISS Pritchard 25' 3PT Jump Shot,,,5,1630202,Payton Pritchard,1610612738.0,Boston,Celtics,BOS,0,0,,,,,,0,0,,,,,,1
101,0042100301,146,4,0,1,9:12 PM,0:01,,,Celtics Rebound,,,3,1610612738,,,,,,0,0,,,,,,0,0,,,,,,0
102,0042100301,147,13,0,1,9:12 PM,0:00,,End of 1st Period (9:12 PM EST),,28 - 25,-3,0,0,,,,,,0,0,,,,,,0,0,,,,,,1
103,0042100301,158,12,0,2,9:16 PM,12:00,,Start of 2nd Period (9:16 PM EST),,28 - 25,-3,0,0,,,,,,0,0,,,,,,0,0,,,,,,0
104,0042100301,159,5,2,2,9:16 PM,11:36,Herro Lost Ball Turnover (P2.T6),,Tatum STEAL (1 STL),,,4,1629639,Tyler Herro,1610612748.0,Miami,Heat,MIA,5,1628369,Jayson Tatum,1610612738.0,Boston,Celtics,BOS,0,0,,,,,,1
105,0042100301,161,1,76,2,9:16 PM,11:32,,,Tatum 2' Running Finger Roll Layup (12 PTS),30 - 25,-5,5,1628369,Jayson Tatum,1610612738.0,Boston,Celtics,BOS,0,0,,,,,,0,0,,,,,,1
106,0042100301,162,1,79,2,9:17 PM,11:10,Oladipo 25' 3PT Pullup Jump Shot (3 PTS),,,30 - 28,-2,4,203506,Victor Oladipo,1610612748.0,Miami,Heat,MIA,0,0,,,,,,0,0,,,,,,1
107,0042100301,163,5,1,2,9:17 PM,10:51,Strus STEAL (1 STL),,Pritchard Bad Pass Turnover (P1.T5),,,5,1630202,Payton Pritchard,1610612738.0,Boston,Celtics,BOS,4,1629622,Max Strus,1610612748.0,Miami,Heat,MIA,0,0,,,,,,1
108,0042100301,165,2,41,2,9:17 PM,10:45,MISS Martin 3' Running Layup,,Nesmith BLOCK (1 BLK),,,4,1628997,Caleb Martin,1610612748.0,Miami,Heat,MIA,0,0,,,,,,5,1630174,Aaron Nesmith,1610612738.0,Boston,Celtics,BOS,1
109,0042100301,167,4,0,2,9:17 PM,10:44,,,Brown REBOUND (Off:0 Def:2),,,5,1627759,Jaylen Brown,1610612738.0,Boston,Celtics,BOS,0,0,,,,,,0,0,,,,,,1
110,0042100301,168,6,1,2,9:17 PM,10:41,Oladipo P.FOUL (P1.T1) (T.Brothers),,,,,4,203506,Victor Oladipo,1610612748.0,Miami,Heat,MIA,5,1627759,Jaylen Brown,1610612738.0,Boston,Celtics,BOS,1,0,,,,,,1
111,0042100301,170,2,1,2,9:18 PM,10:29,,,MISS Brown 26' 3PT Jump Shot,,,5,1627759,Jaylen Brown,1610612738.0,Boston,Celtics,BOS,0,0,,,,,,0,0,,,,,,1
112,0042100301,171,4,0,2,9:18 PM,10:26,,,Nesmith REBOUND (Off:1 Def:0),,,5,1630174,Aaron Nesmith,1610612738.0,Boston,Celtics,BOS,0,0,,,,,,0,0,,,,,,1
113,0042100301,172,2,79,2,9:18 PM,10:21,,,MISS Tatum 26' 3PT Pullup Jump Shot,,,5,1628369,Jayson Tatum,1610612738.0,Boston,Celtics,BOS,0,0,,,,,,0,0,,,,,,1
114,0042100301,173,4,0,2,9:18 PM,10:18,,,Pritchard REBOUND (Off:1 Def:0),,,5,1630202,Payton Pritchard,1610612738.0,Boston,Celtics,BOS,0,0,,,,,,0,0,,,,,,1
115,0042100301,174,1,52,2,9:18 PM,10:15,,,Williams III 2' Alley Oop Dunk (10 PTS) (Tatum 2 AST),32 - 28,-4,5,1629057,Robert Williams III,1610612738.0,Boston,Celtics,BOS,5,1628369,Jayson Tatum,1610612738.0,Boston,Celtics,BOS,0,0,,,,,,1
116,0042100301,176,6,1,2,9:18 PM,9:58,,,Nesmith P.FOUL (P1.T1) (Z.Zarba),,,5,1630174,Aaron Nesmith,1610612738.0,Boston,Celtics,BOS,4,203506,Victor Oladipo,1610612748.0,Miami,Heat,MIA,1,0,,,,,,1
117,0042100301,178,6,2,2,9:19 PM,9:49,,,Williams III S.FOUL (P1.T2) (T.Brothers),,,5,1629057,Robert Williams III,1610612738.0,Boston,Celtics,BOS,4,1628389,Bam Adebayo,1610612748.0,Miami,Heat,MIA,1,0,,,,,,1
118,0042100301,180,3,11,2,9:19 PM,9:49,Adebayo Free Throw 1 of 2 (5 PTS),,,32 - 29,-3,4,1628389,Bam Adebayo,1610612748.0,Miami,Heat,MIA,0,0,,,,,,0,0,,,,,,1
119,0042100301,181,3,12,2,9:20 PM,9:49,Adebayo Free Throw 2 of 2 (6 PTS),,,32 - 30,-2,4,1628389,Bam Adebayo,1610612748.0,Miami,Heat,MIA,0,0,,,,,,0,0,,,,,,1
120,0042100301,182,1,52,2,9:20 PM,9:29,,,Williams III 2' Alley Oop Dunk (12 PTS) (Tatum 3 AST),34 - 30,-4,5,1629057,Robert Williams III,1610612738.0,Boston,Celtics,BOS,5,1628369,Jayson Tatum,1610612738.0,Boston,Celtics,BOS,0,0,,,,,,1
121,0042100301,184,2,79,2,9:20 PM,9:20,MISS Herro 26' 3PT Pullup Jump Shot,,,,,4,1629639,Tyler Herro,1610612748.0,Miami,Heat,MIA,0,0,,,,,,0,0,,,,,,1
122,0042100301,185,4,0,2,9:20 PM,9:14,,,Tatum REBOUND (Off:0 Def:4),,,5,1628369,Jayson Tatum,1610612738.0,Boston,Celtics,BOS,0,0,,,,,,0,0,,,,,,1
123,0042100301,186,5,45,2,9:21 PM,9:08,,,Nesmith Out of Bounds - Bad Pass Turnover Turnover (P1.T6),,,5,1630174,Aaron Nesmith,1610612738.0,Boston,Celtics,BOS,0,0,,,,,,1,0,,,,,,1
124,0042100301,187,5,1,2,9:21 PM,8:59,Adebayo Bad Pass Turnover (P1.T7),,Nesmith STEAL (1 STL),,,4,1628389,Bam Adebayo,1610612748.0,Miami,Heat,MIA,5,1630174,Aaron Nesmith,1610612738.0,Boston,Celtics,BOS,0,0,,,,,,1
125,0042100301,189,1,41,2,9:21 PM,8:54,,,Brown 2' Running Layup (5 PTS),36 - 30,-6,5,1627759,Jaylen Brown,1610612738.0,Boston,Celtics,BOS,0,0,,,,,,0,0,,,,,,1
126,0042100301,190,2,1,2,9:21 PM,8:38,MISS Oladipo 24' 3PT Jump Shot,,,,,4,203506,Victor Oladipo,1610612748.0,Miami,Heat,MIA,0,0,,,,,,0,0,,,,,,1
127,0042100301,191,4,0,2,9:21 PM,8:33,,,Pritchard REBOUND (Off:1 Def:1),,,5,1630202,Payton Pritchard,1610612738.0,Boston,Celtics,BOS,0,0,,,,,,0,0,,,,,,1
128,0042100301,192,2,79,2,9:21 PM,8:26,Adebayo BLOCK (1 BLK),,MISS Tatum 20' Pullup Jump Shot,,,5,1628369,Jayson Tatum,1610612738.0,Boston,Celtics,BOS,0,0,,,,,,4,1628389,Bam Adebayo,1610612748.0,Miami,Heat,MIA,1
129,0042100301,194,4,0,2,9:21 PM,8:21,Martin REBOUND (Off:0 Def:1),,,,,4,1628997,Caleb Martin,1610612748.0,Miami,Heat,MIA,0,0,,,,,,0,0,,,,,,1
130,0042100301,195,2,1,2,9:21 PM,8:18,MISS Strus 3PT Jump Shot,,,,,4,1629622,Max Strus,1610612748.0,Miami,Heat,MIA,0,0,,,,,,0,0,,,,,,1
131,0042100301,196,4,0,2,9:22 PM,8:18,HEAT Rebound,,,,,2,1610612748,,,,,,0,0,,,,,,0,0,,,,,,0
132,0042100301,198,8,0,2,9:22 PM,8:18,SUB: Butler FOR Martin,,,,,4,1628997,Caleb Martin,1610612748.0,Miami,Heat,MIA,4,202710,Jimmy Butler,1610612748.0,Miami,Heat,MIA,0,0,,,,,,0
133,0042100301,200,2,63,2,9:22 PM,8:15,MISS Herro 18' Fadeaway Jumper,,,,,4,1629639,Tyler Herro,1610612748.0,Miami,Heat,MIA,0,0,,,,,,0,0,,,,,,1
134,0042100301,201,4,0,2,9:22 PM,8:12,,,Williams III REBOUND (Off:2 Def:2),,,5,1629057,Robert Williams III,1610612738.0,Boston,Celtics,BOS,0,0,,,,,,0,0,,,,,,1
135,0042100301,202,1,63,2,9:22 PM,7:59,,,Brown 11' Fadeaway Jumper (7 PTS),38 - 30,-8,5,1627759,Jaylen Brown,1610612738.0,Boston,Celtics,BOS,0,0,,,,,,0,0,,,,,,1
136,0042100301,203,2,6,2,9:23 PM,7:42,MISS Oladipo 2' Driving Layup,,Williams III BLOCK (2 BLK),,,4,203506,Victor Oladipo,1610612748.0,Miami,Heat,MIA,0,0,,,,,,5,1629057,Robert Williams III,1610612738.0,Boston,Celtics,BOS,1
137,0042100301,205,4,0,2,9:23 PM,7:42,Butler REBOUND (Off:3 Def:2),,,,,4,202710,Jimmy Butler,1610612748.0,Miami,Heat,MIA,0,0,,,,,,0,0,,,,,,1
138,0042100301,206,2,72,2,9:23 PM,7:39,MISS Butler 4' Putback Layup,,,,,4,202710,Jimmy Butler,1610612748.0,Miami,Heat,MIA,0,0,,,,,,0,0,,,,,,1
139,0042100301,207,4,0,2,9:23 PM,7:37,,,Pritchard REBOUND (Off:1 Def:2),,,5,1630202,Payton Pritchard,1610612738.0,Boston,Celtics,BOS,0,0,,,,,,0,0,,,,,,1
140,0042100301,208,1,1,2,9:23 PM,7:34,,,Pritchard 26' 3PT Jump Shot (6 PTS) (Tatum 4 AST),41 - 30,-11,5,1630202,Payton Pritchard,1610612738.0,Boston,Celtics,BOS,5,1628369,Jayson Tatum,1610612738.0,Boston,Celtics,BOS,0,0,,,,,,1
141,0042100301,210,9,1,2,9:23 PM,7:34,HEAT Timeout: Regular (Full 2 Short 0),,,,,2,1610612748,,,,,,0,0,,,,,,0,0,,,,,,0
142,0042100301,211,8,0,2,9:23 PM,7:34,SUB: Tucker FOR Strus,,,,,4,1629622,Max Strus,1610612748.0,Miami,Heat,MIA,4,200782,P.J. Tucker,1610612748.0,Miami,Heat,MIA,0,0,,,,,,0
143,0042100301,213,1,101,2,9:27 PM,7:17,Oladipo 11' Driving Floating Jump Shot (5 PTS),,,41 - 32,-9,4,203506,Victor Oladipo,1610612748.0,Miami,Heat,MIA,0,0,,,,,,0,0,,,,,,1
144,0042100301,214,1,79,2,9:28 PM,6:49,,,Pritchard 12' Pullup Jump Shot (8 PTS) (Tatum 5 AST),43 - 32,-11,5,1630202,Payton Pritchard,1610612738.0,Boston,Celtics,BOS,5,1628369,Jayson Tatum,1610612738.0,Boston,Celtics,BOS,0,0,,,,,,1
145,0042100301,215,2,79,2,9:28 PM,6:39,MISS Herro 27' 3PT Pullup Jump Shot,,,,,4,1629639,Tyler Herro,1610612748.0,Miami,Heat,MIA,0,0,,,,,,0,0,,,,,,1
146,0042100301,216,4,0,2,9:28 PM,6:39,,,Brown REBOUND (Off:0 Def:3),,,5,1627759,Jaylen Brown,1610612738.0,Boston,Celtics,BOS,0,0,,,,,,0,0,,,,,,1
147,0042100301,217,2,1,2,9:28 PM,6:25,,,MISS Brown 25' 3PT Jump Shot,,,5,1627759,Jaylen Brown,1610612738.0,Boston,Celtics,BOS,0,0,,,,,,0,0,,,,,,1
148,0042100301,218,4,0,2,9:28 PM,6:25,HEAT Rebound,,,,,2,1610612748,,,,,,0,0,,,,,,0,0,,,,,,0
149,0042100301,220,9,1,2,9:28 PM,6:25,HEAT Timeout: Regular (Full 3 Short 0),,,,,2,1610612748,,,,,,0,0,,,,,,0,0,,,,,,0
150,0042100301,222,8,0,2,9:31 PM,6:25,SUB: Martin FOR Tucker,,,,,4,200782,P.J. Tucker,1610612748.0,Miami,Heat,MIA,4,1628997,Caleb Martin,1610612748.0,Miami,Heat,MIA,0,0,,,,,,0
151,0042100301,223,8,0,2,9:31 PM,6:25,,,SUB: Williams FOR Nesmith,,,5,1630174,Aaron Nesmith,1610612738.0,Boston,Celtics,BOS,5,1629684,Grant Williams,1610612738.0,Boston,Celtics,BOS,0,0,,,,,,0
152,0042100301,224,8,0,2,9:31 PM,6:25,,,SUB: Theis FOR Williams III,,,5,1629057,Robert Williams III,1610612738.0,Boston,Celtics,BOS,5,1628464,Daniel Theis,1610612738.0,Boston,Celtics,BOS,0,0,,,,,,0
153,0042100301,228,6,2,2,9:32 PM,6:13,,,Williams S.FOUL (P1.T3) (E.Malloy),,,5,1629684,Grant Williams,1610612738.0,Boston,Celtics,BOS,4,202710,Jimmy Butler,1610612748.0,Miami,Heat,MIA,1,0,,,,,,1
154,0042100301,230,3,11,2,9:33 PM,6:13,Butler Free Throw 1 of 2 (7 PTS),,,43 - 33,-10,4,202710,Jimmy Butler,1610612748.0,Miami,Heat,MIA,0,0,,,,,,0,0,,,,,,1
155,0042100301,231,3,12,2,9:33 PM,6:13,Butler Free Throw 2 of 2 (8 PTS),,,43 - 34,-9,4,202710,Jimmy Butler,1610612748.0,Miami,Heat,MIA,0,0,,,,,,0,0,,,,,,1
156,0042100301,232,1,98,2,9:34 PM,5:57,,,Theis 1' Cutting Layup Shot (2 PTS) (Williams 2 AST),45 - 34,-11,5,1628464,Daniel Theis,1610612738.0,Boston,Celtics,BOS,5,1629684,Grant Williams,1610612738.0,Boston,Celtics,BOS,0,0,,,,,,1
157,0042100301,234,2,73,2,9:34 PM,5:41,MISS Oladipo 1' Driving Reverse Layup,,,,,4,203506,Victor Oladipo,1610612748.0,Miami,Heat,MIA,0,0,,,,,,0,0,,,,,,1
158,0042100301,235,4,0,2,9:34 PM,5:39,,,Brown REBOUND (Off:0 Def:4),,,5,1627759,Jaylen Brown,1610612738.0,Boston,Celtics,BOS,0,0,,,,,,0,0,,,,,,1
159,0042100301,236,1,76,2,9:34 PM,5:37,,,Pritchard 3' Running Finger Roll Layup (10 PTS) (Brown 3 AST),47 - 34,-13,5,1630202,Payton Pritchard,1610612738.0,Boston,Celtics,BOS,5,1627759,Jaylen Brown,1610612738.0,Boston,Celtics,BOS,0,0,,,,,,1
160,0042100301,238,6,2,2,9:34 PM,5:25,,,Brown S.FOUL (P2.T4) (T.Brothers),,,5,1627759,Jaylen Brown,1610612738.0,Boston,Celtics,BOS,4,202710,Jimmy Butler,1610612748.0,Miami,Heat,MIA,1,0,,,,,,1
161,0042100301,240,3,11,2,9:35 PM,5:25,Butler Free Throw 1 of 2 (9 PTS),,,47 - 35,-12,4,202710,Jimmy Butler,1610612748.0,Miami,Heat,MIA,0,0,,,,,,0,0,,,,,,1
162,0042100301,241,8,0,2,9:35 PM,5:25,SUB: Vincent FOR Oladipo,,,,,4,203506,Victor Oladipo,1610612748.0,Miami,Heat,MIA,4,1629216,Gabe Vincent,1610612748.0,Miami,Heat,MIA,0,0,,,,,,0
163,0042100301,243,3,12,2,9:35 PM,5:25,Butler Free Throw 2 of 2 (10 PTS),,,47 - 36,-11,4,202710,Jimmy Butler,1610612748.0,Miami,Heat,MIA,0,0,,,,,,0,0,,,,,,1
164,0042100301,244,2,80,2,9:35 PM,5:09,,,MISS Pritchard 25' 3PT Step Back Jump Shot,,,5,1630202,Payton Pritchard,1610612738.0,Boston,Celtics,BOS,0,0,,,,,,0,0,,,,,,1
165,0042100301,245,4,0,2,9:35 PM,5:07,Herro REBOUND (Off:0 Def:3),,,,,4,1629639,Tyler Herro,1610612748.0,Miami,Heat,MIA,0,0,,,,,,0,0,,,,,,1
166,0042100301,246,1,1,2,9:35 PM,4:54,Vincent 26' 3PT Jump Shot (5 PTS) (Butler 2 AST),,,47 - 39,-8,4,1629216,Gabe Vincent,1610612748.0,Miami,Heat,MIA,4,202710,Jimmy Butler,1610612748.0,Miami,Heat,MIA,0,0,,,,,,1
167,0042100301,248,1,6,2,9:36 PM,4:31,,,Tatum 3' Driving Layup (14 PTS) (Theis 1 AST),49 - 39,-10,5,1628369,Jayson Tatum,1610612738.0,Boston,Celtics,BOS,5,1628464,Daniel Theis,1610612738.0,Boston,Celtics,BOS,0,0,,,,,,1
168,0042100301,250,1,101,2,9:36 PM,4:20,Herro 10' Driving Floating Jump Shot (9 PTS),,,49 - 41,-8,4,1629639,Tyler Herro,1610612748.0,Miami,Heat,MIA,0,0,,,,,,0,0,,,,,,1
169,0042100301,251,1,41,2,9:36 PM,4:14,,,Williams Running Layup (5 PTS) (Pritchard 1 AST),51 - 41,-10,5,1629684,Grant Williams,1610612738.0,Boston,Celtics,BOS,5,1630202,Payton Pritchard,1610612738.0,Boston,Celtics,BOS,0,0,,,,,,1
170,0042100301,253,1,79,2,9:36 PM,3:59,Herro 20' Pullup Jump Shot (11 PTS),,,51 - 43,-8,4,1629639,Tyler Herro,1610612748.0,Miami,Heat,MIA,0,0,,,,,,0,0,,,,,,1
171,0042100301,255,1,79,2,9:37 PM,3:37,,,Tatum 13' Pullup Jump Shot (16 PTS),53 - 43,-10,5,1628369,Jayson Tatum,1610612738.0,Boston,Celtics,BOS,0,0,,,,,,0,0,,,,,,1
172,0042100301,256,2,1,2,9:37 PM,3:17,MISS Martin 26' 3PT Jump Shot,,,,,4,1628997,Caleb Martin,1610612748.0,Miami,Heat,MIA,0,0,,,,,,0,0,,,,,,1
173,0042100301,257,4,0,2,9:37 PM,3:14,,,Pritchard REBOUND (Off:1 Def:3),,,5,1630202,Payton Pritchard,1610612738.0,Boston,Celtics,BOS,0,0,,,,,,0,0,,,,,,1
174,0042100301,258,1,108,2,9:37 PM,3:00,,,Theis 1' Cutting Dunk Shot (4 PTS) (Pritchard 2 AST),55 - 43,-12,5,1628464,Daniel Theis,1610612738.0,Boston,Celtics,BOS,5,1630202,Payton Pritchard,1610612738.0,Boston,Celtics,BOS,0,0,,,,,,1
175,0042100301,260,1,1,2,9:38 PM,2:43,Martin 24' 3PT Jump Shot (5 PTS) (Adebayo 1 AST),,,55 - 46,-9,4,1628997,Caleb Martin,1610612748.0,Miami,Heat,MIA,4,1628389,Bam Adebayo,1610612748.0,Miami,Heat,MIA,0,0,,,,,,1
176,0042100301,262,2,86,2,9:38 PM,2:16,,,MISS Pritchard 15' Turnaround Fadeaway Shot,,,5,1630202,Payton Pritchard,1610612738.0,Boston,Celtics,BOS,0,0,,,,,,0,0,,,,,,1
177,0042100301,263,4,0,2,9:38 PM,2:12,Adebayo REBOUND (Off:0 Def:3),,,,,4,1628389,Bam Adebayo,1610612748.0,Miami,Heat,MIA,0,0,,,,,,0,0,,,,,,1
178,0042100301,264,2,101,2,9:38 PM,2:05,MISS Herro 8' Driving Floating Jump Shot,,,,,4,1629639,Tyler Herro,1610612748.0,Miami,Heat,MIA,0,0,,,,,,0,0,,,,,,1
179,0042100301,265,4,0,2,9:38 PM,2:03,Herro REBOUND (Off:1 Def:3),,,,,4,1629639,Tyler Herro,1610612748.0,Miami,Heat,MIA,0,0,,,,,,0,0,,,,,,1
180,0042100301,266,1,47,2,9:38 PM,2:00,Herro 7' Turnaround Jump Shot (13 PTS),,,55 - 48,-7,4,1629639,Tyler Herro,1610612748.0,Miami,Heat,MIA,0,0,,,,,,0,0,,,,,,1
181,0042100301,267,1,79,2,9:39 PM,1:41,,,Tatum 26' 3PT Pullup Jump Shot (19 PTS),58 - 48,-10,5,1628369,Jayson Tatum,1610612738.0,Boston,Celtics,BOS,0,0,,,,,,0,0,,,,,,1
182,0042100301,268,6,1,2,9:39 PM,1:27,,,Pritchard P.FOUL (P1.PN) (E.Malloy),,,5,1630202,Payton Pritchard,1610612738.0,Boston,Celtics,BOS,4,202710,Jimmy Butler,1610612748.0,Miami,Heat,MIA,1,0,,,,,,1
183,0042100301,271,3,11,2,9:40 PM,1:27,Butler Free Throw 1 of 2 (11 PTS),,,58 - 49,-9,4,202710,Jimmy Butler,1610612748.0,Miami,Heat,MIA,0,0,,,,,,0,0,,,,,,1
184,0042100301,272,8,0,2,9:40 PM,1:27,,,SUB: Williams III FOR Brown,,,5,1627759,Jaylen Brown,1610612738.0,Boston,Celtics,BOS,5,1629057,Robert Williams III,1610612738.0,Boston,Celtics,BOS,0,0,,,,,,0
185,0042100301,273,8,0,2,9:40 PM,1:27,,,SUB: White FOR Theis,,,5,1628464,Daniel Theis,1610612738.0,Boston,Celtics,BOS,5,1628401,Derrick White,1610612738.0,Boston,Celtics,BOS,0,0,,,,,,0
186,0042100301,276,3,12,2,9:40 PM,1:27,Butler Free Throw 2 of 2 (12 PTS),,,58 - 50,-8,4,202710,Jimmy Butler,1610612748.0,Miami,Heat,MIA,0,0,,,,,,0,0,,,,,,1
187,0042100301,277,5,1,2,9:41 PM,1:14,Herro STEAL (1 STL),,White Bad Pass Turnover (P2.T7),,,5,1628401,Derrick White,1610612738.0,Boston,Celtics,BOS,4,1629639,Tyler Herro,1610612748.0,Miami,Heat,MIA,0,0,,,,,,1
188,0042100301,279,1,76,2,9:41 PM,1:10,Herro 1' Running Finger Roll Layup (15 PTS),,,58 - 52,-6,4,1629639,Tyler Herro,1610612748.0,Miami,Heat,MIA,0,0,,,,,,0,0,,,,,,1
189,0042100301,280,6,2,2,9:41 PM,0:58,Butler S.FOUL (P2.T2) (E.Malloy),,,,,4,202710,Jimmy Butler,1610612748.0,Miami,Heat,MIA,5,1628369,Jayson Tatum,1610612738.0,Boston,Celtics,BOS,1,0,,,,,,1
190,0042100301,282,3,11,2,9:41 PM,0:58,,,Tatum Free Throw 1 of 2 (20 PTS),59 - 52,-7,5,1628369,Jayson Tatum,1610612738.0,Boston,Celtics,BOS,0,0,,,,,,0,0,,,,,,1
191,0042100301,283,3,12,2,9:42 PM,0:58,,,Tatum Free Throw 2 of 2 (21 PTS),60 - 52,-8,5,1628369,Jayson Tatum,1610612738.0,Boston,Celtics,BOS,0,0,,,,,,0,0,,,,,,1
192,0042100301,284,2,1,2,9:42 PM,0:37,MISS Butler 3PT Jump Shot,,Tatum BLOCK (1 BLK),,,4,202710,Jimmy Butler,1610612748.0,Miami,Heat,MIA,0,0,,,,,,5,1628369,Jayson Tatum,1610612738.0,Boston,Celtics,BOS,1
193,0042100301,286,4,0,2,9:42 PM,0:32,,,Williams III REBOUND (Off:2 Def:3),,,5,1629057,Robert Williams III,1610612738.0,Boston,Celtics,BOS,0,0,,,,,,0,0,,,,,,1
194,0042100301,287,1,41,2,9:42 PM,0:32,,,White 1' Running Layup (3 PTS),62 - 52,-10,5,1628401,Derrick White,1610612738.0,Boston,Celtics,BOS,0,0,,,,,,0,0,,,,,,1
195,0042100301,288,1,79,2,9:43 PM,0:18,Butler 20' Pullup Jump Shot (14 PTS),,,62 - 54,-8,4,202710,Jimmy Butler,1610612748.0,Miami,Heat,MIA,0,0,,,,,,0,0,,,,,,1
196,0042100301,289,2,1,2,9:43 PM,0:00,,,MISS Pritchard 26' 3PT Jump Shot,,,5,1630202,Payton Pritchard,1610612738.0,Boston,Celtics,BOS,0,0,,,,,,0,0,,,,,,1
197,0042100301,290,4,0,2,9:43 PM,0:00,,,Celtics Rebound,,,3,1610612738,,,,,,0,0,,,,,,0,0,,,,,,0
198,0042100301,291,13,0,2,9:43 PM,0:00,,End of 2nd Period (9:43 PM EST),,62 - 54,-8,0,0,,,,,,0,0,,,,,,0,0,,,,,,1
199,0042100301,298,12,0,3,10:00 PM,12:00,,Start of 3rd Period (10:00 PM EST),,62 - 54,-8,0,0,,,,,,0,0,,,,,,0,0,,,,,,0
200,0042100301,299,6,2,3,10:00 PM,11:44,,,Williams III S.FOUL (P2.T1) (T.Brothers),,,5,1629057,Robert Williams III,1610612738.0,Boston,Celtics,BOS,4,202710,Jimmy Butler,1610612748.0,Miami,Heat,MIA,1,0,,,,,,1
201,0042100301,301,3,11,3,10:00 PM,11:44,Butler Free Throw 1 of 2 (15 PTS),,,62 - 55,-7,4,202710,Jimmy Butler,1610612748.0,Miami,Heat,MIA,0,0,,,,,,0,0,,,,,,1
202,0042100301,302,3,12,3,10:01 PM,11:44,Butler Free Throw 2 of 2 (16 PTS),,,62 - 56,-6,4,202710,Jimmy Butler,1610612748.0,Miami,Heat,MIA,0,0,,,,,,0,0,,,,,,1
203,0042100301,303,2,1,3,10:01 PM,11:26,,,MISS Tatum 26' 3PT Jump Shot,,,5,1628369,Jayson Tatum,1610612738.0,Boston,Celtics,BOS,0,0,,,,,,0,0,,,,,,1
204,0042100301,304,4,0,3,10:01 PM,11:21,Adebayo REBOUND (Off:0 Def:4),,,,,4,1628389,Bam Adebayo,1610612748.0,Miami,Heat,MIA,0,0,,,,,,0,0,,,,,,1
205,0042100301,305,2,1,3,10:01 PM,11:07,MISS Tucker 24' 3PT Jump Shot,,,,,4,200782,P.J. Tucker,1610612748.0,Miami,Heat,MIA,0,0,,,,,,0,0,,,,,,1
206,0042100301,306,4,0,3,10:01 PM,11:06,HEAT Rebound,,,,,2,1610612748,,,,,,0,0,,,,,,0,0,,,,,,0
207,0042100301,307,6,3,3,10:02 PM,11:05,,,Williams L.B.FOUL (P2.T2) (Z.Zarba),,,5,1629684,Grant Williams,1610612738.0,Boston,Celtics,BOS,4,202710,Jimmy Butler,1610612748.0,Miami,Heat,MIA,1,0,,,,,,1
208,0042100301,309,2,1,3,10:02 PM,10:50,MISS Strus 28' 3PT Jump Shot,,,,,4,1629622,Max Strus,1610612748.0,Miami,Heat,MIA,0,0,,,,,,0,0,,,,,,1
209,0042100301,310,4,0,3,10:02 PM,10:49,HEAT Rebound,,,,,2,1610612748,,,,,,0,0,,,,,,0,0,,,,,,0
210,0042100301,313,1,102,3,10:03 PM,10:44,Adebayo 2' Driving Floating Bank Jump Shot (8 PTS) (Butler 3 AST),,,62 - 58,-4,4,1628389,Bam Adebayo,1610612748.0,Miami,Heat,MIA,4,202710,Jimmy Butler,1610612748.0,Miami,Heat,MIA,0,0,,,,,,1
211,0042100301,314,6,2,3,10:03 PM,10:44,,,Williams S.FOUL (P3.T3) (T.Brothers),,,5,1629684,Grant Williams,1610612738.0,Boston,Celtics,BOS,4,1628389,Bam Adebayo,1610612748.0,Miami,Heat,MIA,1,0,,,,,,1
212,0042100301,317,3,10,3,10:04 PM,10:44,Adebayo Free Throw 1 of 1 (9 PTS),,,62 - 59,-3,4,1628389,Bam Adebayo,1610612748.0,Miami,Heat,MIA,0,0,,,,,,0,0,,,,,,1
213,0042100301,318,6,1,3,10:04 PM,10:31,Vincent P.FOUL (P1.T1) (T.Brothers),,,,,4,1629216,Gabe Vincent,1610612748.0,Miami,Heat,MIA,5,1628369,Jayson Tatum,1610612738.0,Boston,Celtics,BOS,1,0,,,,,,1
214,0042100301,320,2,5,3,10:04 PM,10:16,Vincent BLOCK (2 BLK),,MISS Williams III 4' Layup,,,5,1629057,Robert Williams III,1610612738.0,Boston,Celtics,BOS,0,0,,,,,,4,1629216,Gabe Vincent,1610612748.0,Miami,Heat,MIA,1
215,0042100301,322,4,0,3,10:04 PM,10:11,Vincent REBOUND (Off:0 Def:1),,,,,4,1629216,Gabe Vincent,1610612748.0,Miami,Heat,MIA,0,0,,,,,,0,0,,,,,,1
216,0042100301,323,2,79,3,10:04 PM,10:09,MISS Vincent 27' 3PT Pullup Jump Shot,,,,,4,1629216,Gabe Vincent,1610612748.0,Miami,Heat,MIA,0,0,,,,,,0,0,,,,,,1
217,0042100301,324,4,0,3,10:05 PM,10:06,,,Williams III REBOUND (Off:2 Def:4),,,5,1629057,Robert Williams III,1610612738.0,Boston,Celtics,BOS,0,0,,,,,,0,0,,,,,,1
218,0042100301,325,6,2,3,10:05 PM,9:53,Adebayo S.FOUL (P1.T2) (E.Malloy),,,,,4,1628389,Bam Adebayo,1610612748.0,Miami,Heat,MIA,5,1627759,Jaylen Brown,1610612738.0,Boston,Celtics,BOS,1,0,,,,,,1
219,0042100301,327,3,11,3,10:05 PM,9:53,,,MISS Brown Free Throw 1 of 2,,,5,1627759,Jaylen Brown,1610612738.0,Boston,Celtics,BOS,0,0,,,,,,0,0,,,,,,1
220,0042100301,328,4,1,3,10:05 PM,9:53,,,Celtics Rebound,,,3,1610612738,,,,,,0,0,,,,,,0,0,,,,,,0
221,0042100301,329,3,12,3,10:06 PM,9:53,,,Brown Free Throw 2 of 2 (8 PTS),63 - 59,-4,5,1627759,Jaylen Brown,1610612738.0,Boston,Celtics,BOS,0,0,,,,,,0,0,,,,,,1
222,0042100301,330,7,5,3,10:06 PM,9:41,,,Williams III Violation:Kicked Ball (T.Brothers),,,5,1629057,Robert Williams III,1610612738.0,Boston,Celtics,BOS,0,0,,,,,,1,0,,,,,,0
223,0042100301,331,1,63,3,10:06 PM,9:27,Vincent 25' 3PT Fadeaway Jumper (8 PTS),,,63 - 62,-1,4,1629216,Gabe Vincent,1610612748.0,Miami,Heat,MIA,0,0,,,,,,0,0,,,,,,1
224,0042100301,332,5,1,3,10:07 PM,9:10,Tucker STEAL (1 STL),,Tatum Bad Pass Turnover (P2.T8),,,5,1628369,Jayson Tatum,1610612738.0,Boston,Celtics,BOS,4,200782,P.J. Tucker,1610612748.0,Miami,Heat,MIA,0,0,,,,,,1
225,0042100301,334,2,79,3,10:07 PM,9:03,MISS Vincent 26' 3PT Pullup Jump Shot,,,,,4,1629216,Gabe Vincent,1610612748.0,Miami,Heat,MIA,0,0,,,,,,0,0,,,,,,1
226,0042100301,335,4,0,3,10:07 PM,9:02,Butler REBOUND (Off:4 Def:2),,,,,4,202710,Jimmy Butler,1610612748.0,Miami,Heat,MIA,0,0,,,,,,0,0,,,,,,1
227,0042100301,336,1,72,3,10:07 PM,9:02,Butler 1' Putback Layup (18 PTS),,,63 - 64,1,4,202710,Jimmy Butler,1610612748.0,Miami,Heat,MIA,0,0,,,,,,0,0,,,,,,1
228,0042100301,337,9,1,3,10:07 PM,9:02,,,Celtics Timeout: Regular (Reg.2 Short 0),,,3,1610612738,,,,,,0,0,,,,,,0,0,,,,,,0
229,0042100301,338,2,5,3,10:11 PM,8:39,Vincent BLOCK (3 BLK),,MISS Williams III 1' Layup,,,5,1629057,Robert Williams III,1610612738.0,Boston,Celtics,BOS,0,0,,,,,,4,1629216,Gabe Vincent,1610612748.0,Miami,Heat,MIA,1
230,0042100301,340,4,0,3,10:11 PM,8:36,Vincent REBOUND (Off:0 Def:2),,,,,4,1629216,Gabe Vincent,1610612748.0,Miami,Heat,MIA,0,0,,,,,,0,0,,,,,,1
231,0042100301,341,6,1,3,10:11 PM,8:36,,,Brown P.FOUL (P3.T4) (E.Malloy),,,5,1627759,Jaylen Brown,1610612738.0,Boston,Celtics,BOS,4,202710,Jimmy Butler,1610612748.0,Miami,Heat,MIA,1,0,,,,,,1
232,0042100301,343,1,1,3,10:11 PM,8:29,Strus 26' 3PT Jump Shot (3 PTS) (Tucker 2 AST),,,63 - 67,4,4,1629622,Max Strus,1610612748.0,Miami,Heat,MIA,4,200782,P.J. Tucker,1610612748.0,Miami,Heat,MIA,0,0,,,,,,1
233,0042100301,345,2,6,3,10:12 PM,8:14,Adebayo BLOCK (2 BLK),,MISS Williams 1' Driving Layup,,,5,1629684,Grant Williams,1610612738.0,Boston,Celtics,BOS,0,0,,,,,,4,1628389,Bam Adebayo,1610612748.0,Miami,Heat,MIA,1
234,0042100301,347,4,0,3,10:12 PM,8:10,Tucker REBOUND (Off:0 Def:3),,,,,4,200782,P.J. Tucker,1610612748.0,Miami,Heat,MIA,0,0,,,,,,0,0,,,,,,1
235,0042100301,348,2,2,3,10:12 PM,8:07,MISS Strus 24' 3PT Running Jump Shot,,,,,4,1629622,Max Strus,1610612748.0,Miami,Heat,MIA,0,0,,,,,,0,0,,,,,,1
236,0042100301,349,4,0,3,10:12 PM,8:04,,,Tatum REBOUND (Off:0 Def:5),,,5,1628369,Jayson Tatum,1610612738.0,Boston,Celtics,BOS,0,0,,,,,,0,0,,,,,,1
237,0042100301,350,2,1,3,10:12 PM,7:58,,,MISS Tatum 26' 3PT Jump Shot,,,5,1628369,Jayson Tatum,1610612738.0,Boston,Celtics,BOS,0,0,,,,,,0,0,,,,,,1
238,0042100301,351,4,0,3,10:12 PM,7:52,Tucker REBOUND (Off:0 Def:4),,,,,4,200782,P.J. Tucker,1610612748.0,Miami,Heat,MIA,0,0,,,,,,0,0,,,,,,1
239,0042100301,352,5,1,3,10:12 PM,7:43,Butler Bad Pass Turnover (P2.T8),,Tatum STEAL (2 STL),,,4,202710,Jimmy Butler,1610612748.0,Miami,Heat,MIA,5,1628369,Jayson Tatum,1610612738.0,Boston,Celtics,BOS,0,0,,,,,,1
240,0042100301,354,6,2,3,10:12 PM,7:40,Vincent S.FOUL (P2.T3) (T.Brothers),,,,,4,1629216,Gabe Vincent,1610612748.0,Miami,Heat,MIA,5,1627759,Jaylen Brown,1610612738.0,Boston,Celtics,BOS,1,0,,,,,,1
241,0042100301,356,3,11,3,10:13 PM,7:40,,,MISS Brown Free Throw 1 of 2,,,5,1627759,Jaylen Brown,1610612738.0,Boston,Celtics,BOS,0,0,,,,,,0,0,,,,,,1
242,0042100301,357,4,1,3,10:13 PM,7:40,,,Celtics Rebound,,,3,1610612738,,,,,,0,0,,,,,,0,0,,,,,,0
243,0042100301,359,3,12,3,10:13 PM,7:40,,,Brown Free Throw 2 of 2 (9 PTS),64 - 67,3,5,1627759,Jaylen Brown,1610612738.0,Boston,Celtics,BOS,0,0,,,,,,0,0,,,,,,1
244,0042100301,363,8,0,3,10:13 PM,7:40,,,SUB: Pritchard FOR White,,,5,1628401,Derrick White,1610612738.0,Boston,Celtics,BOS,5,1630202,Payton Pritchard,1610612738.0,Boston,Celtics,BOS,0,0,,,,,,0
245,0042100301,360,6,2,3,10:14 PM,7:19,,,Pritchard S.FOUL (P2.PN) (T.Brothers),,,5,1630202,Payton Pritchard,1610612738.0,Boston,Celtics,BOS,4,202710,Jimmy Butler,1610612748.0,Miami,Heat,MIA,1,0,,,,,,1
246,0042100301,362,3,11,3,10:14 PM,7:19,Butler Free Throw 1 of 2 (19 PTS),,,64 - 68,4,4,202710,Jimmy Butler,1610612748.0,Miami,Heat,MIA,0,0,,,,,,0,0,,,,,,1
247,0042100301,365,3,12,3,10:14 PM,7:19,MISS Butler Free Throw 2 of 2,,,,,4,202710,Jimmy Butler,1610612748.0,Miami,Heat,MIA,0,0,,,,,,0,0,,,,,,1
248,0042100301,366,4,0,3,10:14 PM,7:18,,,Celtics Rebound,,,3,1610612738,,,,,,0,0,,,,,,0,0,,,,,,0
249,0042100301,367,6,3,3,10:15 PM,7:18,Strus L.B.FOUL (P3.T4) (E.Malloy),,,,,4,1629622,Max Strus,1610612748.0,Miami,Heat,MIA,5,1629057,Robert Williams III,1610612738.0,Boston,Celtics,BOS,1,0,,,,,,1
250,0042100301,369,2,6,3,10:15 PM,6:56,Adebayo BLOCK (3 BLK),,MISS Brown 2' Driving Layup,,,5,1627759,Jaylen Brown,1610612738.0,Boston,Celtics,BOS,0,0,,,,,,4,1628389,Bam Adebayo,1610612748.0,Miami,Heat,MIA,1
251,0042100301,374,4,0,3,10:15 PM,6:51,HEAT Rebound,,,,,2,1610612748,,,,,,0,0,,,,,,0,0,,,,,,0
252,0042100301,371,10,0,3,10:16 PM,6:51,Jump Ball Adebayo vs. Williams III: Tip to Butler,,,,,4,1628389,Bam Adebayo,1610612748.0,Miami,Heat,MIA,5,1629057,Robert Williams III,1610612738.0,Boston,Celtics,BOS,4,202710,Jimmy Butler,1610612748.0,Miami,Heat,MIA,1
253,0042100301,375,1,63,3,10:16 PM,6:40,Butler 17' Fadeaway Jumper (21 PTS),,,64 - 70,6,4,202710,Jimmy Butler,1610612748.0,Miami,Heat,MIA,0,0,,,,,,0,0,,,,,,1
254,0042100301,376,5,2,3,10:16 PM,6:20,Strus STEAL (2 STL),,Tatum Lost Ball Turnover (P3.T9),,,5,1628369,Jayson Tatum,1610612738.0,Boston,Celtics,BOS,4,1629622,Max Strus,1610612748.0,Miami,Heat,MIA,0,0,,,,,,1
255,0042100301,378,1,50,3,10:16 PM,6:16,Strus 1' Running Dunk (5 PTS),,,64 - 72,8,4,1629622,Max Strus,1610612748.0,Miami,Heat,MIA,0,0,,,,,,0,0,,,,,,1
256,0042100301,379,9,1,3,10:17 PM,6:16,,,Celtics Timeout: Regular (Reg.3 Short 0),,,3,1610612738,,,,,,0,0,,,,,,0,0,,,,,,0
257,0042100301,380,8,0,3,10:17 PM,6:16,,,SUB: White FOR Pritchard,,,5,1630202,Payton Pritchard,1610612738.0,Boston,Celtics,BOS,5,1628401,Derrick White,1610612738.0,Boston,Celtics,BOS,0,0,,,,,,0
258,0042100301,382,5,1,3,10:21 PM,6:01,Butler STEAL (2 STL),,Tatum Bad Pass Turnover (P4.T10),,,5,1628369,Jayson Tatum,1610612738.0,Boston,Celtics,BOS,4,202710,Jimmy Butler,1610612748.0,Miami,Heat,MIA,0,0,,,,,,1
259,0042100301,384,1,47,3,10:21 PM,5:53,Butler 3' Turnaround Jump Shot (23 PTS),,,64 - 74,10,4,202710,Jimmy Butler,1610612748.0,Miami,Heat,MIA,0,0,,,,,,0,0,,,,,,1
260,0042100301,385,5,1,3,10:21 PM,5:47,Butler STEAL (3 STL),,Tatum Bad Pass Turnover (P5.T11),,,5,1628369,Jayson Tatum,1610612738.0,Boston,Celtics,BOS,4,202710,Jimmy Butler,1610612748.0,Miami,Heat,MIA,0,0,,,,,,1
261,0042100301,387,1,50,3,10:21 PM,5:42,Butler 2' Running Dunk (25 PTS),,,64 - 76,12,4,202710,Jimmy Butler,1610612748.0,Miami,Heat,MIA,0,0,,,,,,0,0,,,,,,1
262,0042100301,388,2,1,3,10:21 PM,5:21,,,MISS White 24' 3PT Jump Shot,,,5,1628401,Derrick White,1610612738.0,Boston,Celtics,BOS,0,0,,,,,,0,0,,,,,,1
263,0042100301,389,4,0,3,10:21 PM,5:21,,,Celtics Rebound,,,3,1610612738,,,,,,0,0,,,,,,0,0,,,,,,0
264,0042100301,390,6,3,3,10:21 PM,5:21,Tucker L.B.FOUL (P2.PN) (T.Brothers),,,,,4,200782,P.J. Tucker,1610612748.0,Miami,Heat,MIA,5,1629057,Robert Williams III,1610612738.0,Boston,Celtics,BOS,1,0,,,,,,1
265,0042100301,392,3,11,3,10:22 PM,5:21,,,Williams III Free Throw 1 of 2 (13 PTS),65 - 76,11,5,1629057,Robert Williams III,1610612738.0,Boston,Celtics,BOS,0,0,,,,,,0,0,,,,,,1
266,0042100301,393,3,12,3,10:22 PM,5:21,,,Williams III Free Throw 2 of 2 (14 PTS),66 - 76,10,5,1629057,Robert Williams III,1610612738.0,Boston,Celtics,BOS,0,0,,,,,,0,0,,,,,,1
267,0042100301,394,2,63,3,10:23 PM,5:05,MISS Butler 19' Fadeaway Jumper,,,,,4,202710,Jimmy Butler,1610612748.0,Miami,Heat,MIA,0,0,,,,,,0,0,,,,,,1
268,0042100301,395,4,0,3,10:23 PM,5:01,,,Williams III REBOUND (Off:2 Def:5),,,5,1629057,Robert Williams III,1610612738.0,Boston,Celtics,BOS,0,0,,,,,,0,0,,,,,,1
269,0042100301,396,1,44,3,10:23 PM,4:53,,,Williams III 2' Reverse Layup (16 PTS) (White 4 AST),68 - 76,8,5,1629057,Robert Williams III,1610612738.0,Boston,Celtics,BOS,5,1628401,Derrick White,1610612738.0,Boston,Celtics,BOS,0,0,,,,,,1
270,0042100301,398,6,2,3,10:23 PM,4:53,Adebayo S.FOUL (P2.PN) (Z.Zarba),,,,,4,1628389,Bam Adebayo,1610612748.0,Miami,Heat,MIA,5,1629057,Robert Williams III,1610612738.0,Boston,Celtics,BOS,1,0,,,,,,1
271,0042100301,401,3,10,3,10:23 PM,4:53,,,Williams III Free Throw 1 of 1 (17 PTS),69 - 76,7,5,1629057,Robert Williams III,1610612738.0,Boston,Celtics,BOS,0,0,,,,,,0,0,,,,,,1
272,0042100301,402,5,1,3,10:24 PM,4:43,Adebayo Bad Pass Turnover (P2.T9),,Tatum STEAL (3 STL),,,4,1628389,Bam Adebayo,1610612748.0,Miami,Heat,MIA,5,1628369,Jayson Tatum,1610612738.0,Boston,Celtics,BOS,0,0,,,,,,1
273,0042100301,404,6,28,3,10:24 PM,4:41,Vincent Personal Take Foul (P3.PN) (E.Malloy),,,,,4,1629216,Gabe Vincent,1610612748.0,Miami,Heat,MIA,5,1628369,Jayson Tatum,1610612738.0,Boston,Celtics,BOS,1,0,,,,,,1
274,0042100301,406,3,11,3,10:24 PM,4:41,,,Tatum Free Throw 1 of 2 (22 PTS),70 - 76,6,5,1628369,Jayson Tatum,1610612738.0,Boston,Celtics,BOS,0,0,,,,,,0,0,,,,,,1
275,0042100301,407,8,0,3,10:24 PM,4:41,SUB: Dedmon FOR Adebayo,,,,,4,1628389,Bam Adebayo,1610612748.0,Miami,Heat,MIA,4,203473,Dewayne Dedmon,1610612748.0,Miami,Heat,MIA,0,0,,,,,,0
276,0042100301,408,8,0,3,10:24 PM,4:41,SUB: Herro FOR Strus,,,,,4,1629622,Max Strus,1610612748.0,Miami,Heat,MIA,4,1629639,Tyler Herro,1610612748.0,Miami,Heat,MIA,0,0,,,,,,0
277,0042100301,409,8,0,3,10:24 PM,4:41,,,SUB: Theis FOR Williams III,,,5,1629057,Robert Williams III,1610612738.0,Boston,Celtics,BOS,5,1628464,Daniel Theis,1610612738.0,Boston,Celtics,BOS,0,0,,,,,,0
278,0042100301,413,3,12,3,10:25 PM,4:41,,,Tatum Free Throw 2 of 2 (23 PTS),71 - 76,5,5,1628369,Jayson Tatum,1610612738.0,Boston,Celtics,BOS,0,0,,,,,,0,0,,,,,,1
279,0042100301,414,5,2,3,10:25 PM,4:16,Herro Lost Ball Turnover (P3.T10),,Brown STEAL (1 STL),,,4,1629639,Tyler Herro,1610612748.0,Miami,Heat,MIA,5,1627759,Jaylen Brown,1610612738.0,Boston,Celtics,BOS,0,0,,,,,,1
280,0042100301,416,2,79,3,10:25 PM,4:09,,,MISS Brown 25' 3PT Pullup Jump Shot,,,5,1627759,Jaylen Brown,1610612738.0,Boston,Celtics,BOS,0,0,,,,,,0,0,,,,,,1
281,0042100301,417,4,0,3,10:25 PM,4:06,,,Theis REBOUND (Off:1 Def:1),,,5,1628464,Daniel Theis,1610612738.0,Boston,Celtics,BOS,0,0,,,,,,0,0,,,,,,1
282,0042100301,418,1,72,3,10:25 PM,4:06,,,Theis 2' Putback Layup (6 PTS),73 - 76,3,5,1628464,Daniel Theis,1610612738.0,Boston,Celtics,BOS,0,0,,,,,,0,0,,,,,,1
283,0042100301,419,6,2,3,10:26 PM,3:50,,,White S.FOUL (P2.PN) (E.Malloy),,,5,1628401,Derrick White,1610612738.0,Boston,Celtics,BOS,4,202710,Jimmy Butler,1610612748.0,Miami,Heat,MIA,1,0,,,,,,1
284,0042100301,421,3,11,3,10:26 PM,3:50,Butler Free Throw 1 of 2 (26 PTS),,,73 - 77,4,4,202710,Jimmy Butler,1610612748.0,Miami,Heat,MIA,0,0,,,,,,0,0,,,,,,1
285,0042100301,422,3,12,3,10:27 PM,3:50,Butler Free Throw 2 of 2 (27 PTS),,,73 - 78,5,4,202710,Jimmy Butler,1610612748.0,Miami,Heat,MIA,0,0,,,,,,0,0,,,,,,1
286,0042100301,423,5,4,3,10:27 PM,3:35,,,Brown Traveling Turnover (P1.T12),,,5,1627759,Jaylen Brown,1610612738.0,Boston,Celtics,BOS,0,0,,,,,,1,0,,,,,,1
287,0042100301,424,2,1,3,10:27 PM,3:23,MISS Dedmon 24' 3PT Jump Shot,,,,,4,203473,Dewayne Dedmon,1610612748.0,Miami,Heat,MIA,0,0,,,,,,0,0,,,,,,1
288,0042100301,425,4,0,3,10:27 PM,3:20,,,Tatum REBOUND (Off:0 Def:6),,,5,1628369,Jayson Tatum,1610612738.0,Boston,Celtics,BOS,0,0,,,,,,0,0,,,,,,1
289,0042100301,426,6,2,3,10:27 PM,3:18,Dedmon S.FOUL (P1.PN) (E.Malloy),,,,,4,203473,Dewayne Dedmon,1610612748.0,Miami,Heat,MIA,5,1628369,Jayson Tatum,1610612738.0,Boston,Celtics,BOS,1,0,,,,,,1
290,0042100301,428,3,11,3,10:28 PM,3:18,,,Tatum Free Throw 1 of 2 (24 PTS),74 - 78,4,5,1628369,Jayson Tatum,1610612738.0,Boston,Celtics,BOS,0,0,,,,,,0,0,,,,,,1
291,0042100301,429,3,12,3,10:28 PM,3:18,,,MISS Tatum Free Throw 2 of 2,,,5,1628369,Jayson Tatum,1610612738.0,Boston,Celtics,BOS,0,0,,,,,,0,0,,,,,,1
292,0042100301,430,4,0,3,10:28 PM,3:15,Herro REBOUND (Off:1 Def:4),,,,,4,1629639,Tyler Herro,1610612748.0,Miami,Heat,MIA,0,0,,,,,,0,0,,,,,,1
293,0042100301,431,6,2,3,10:28 PM,3:10,,,Theis S.FOUL (P1.PN) (E.Malloy),,,5,1628464,Daniel Theis,1610612738.0,Boston,Celtics,BOS,4,1629216,Gabe Vincent,1610612748.0,Miami,Heat,MIA,1,0,,,,,,1
294,0042100301,433,3,11,3,10:29 PM,3:10,Vincent Free Throw 1 of 2 (9 PTS),,,74 - 79,5,4,1629216,Gabe Vincent,1610612748.0,Miami,Heat,MIA,0,0,,,,,,0,0,,,,,,1
295,0042100301,434,3,12,3,10:29 PM,3:10,Vincent Free Throw 2 of 2 (10 PTS),,,74 - 80,6,4,1629216,Gabe Vincent,1610612748.0,Miami,Heat,MIA,0,0,,,,,,0,0,,,,,,1
296,0042100301,436,5,1,3,10:29 PM,3:00,,,Brown Bad Pass Turnover (P2.T13),,,5,1627759,Jaylen Brown,1610612738.0,Boston,Celtics,BOS,0,0,,,,,,0,0,,,,,,1
297,0042100301,438,6,3,3,10:30 PM,2:59,,,Williams L.B.FOUL (P4.PN) (E.Malloy),,,5,1629684,Grant Williams,1610612738.0,Boston,Celtics,BOS,4,200782,P.J. Tucker,1610612748.0,Miami,Heat,MIA,1,0,,,,,,1
298,0042100301,440,3,11,3,10:30 PM,2:59,MISS Tucker Free Throw 1 of 2,,,,,4,200782,P.J. Tucker,1610612748.0,Miami,Heat,MIA,0,0,,,,,,0,0,,,,,,1
299,0042100301,441,4,1,3,10:30 PM,2:59,HEAT Rebound,,,,,2,1610612748,,,,,,0,0,,,,,,0,0,,,,,,0
300,0042100301,444,3,12,3,10:30 PM,2:59,MISS Tucker Free Throw 2 of 2,,,,,4,200782,P.J. Tucker,1610612748.0,Miami,Heat,MIA,0,0,,,,,,0,0,,,,,,1
301,0042100301,442,8,0,3,10:30 PM,2:59,,,SUB: Nesmith FOR Williams,,,5,1629684,Grant Williams,1610612738.0,Boston,Celtics,BOS,5,1630174,Aaron Nesmith,1610612738.0,Boston,Celtics,BOS,0,0,,,,,,0
302,0042100301,445,4,0,3,10:30 PM,2:55,Dedmon REBOUND (Off:1 Def:0),,,,,4,203473,Dewayne Dedmon,1610612748.0,Miami,Heat,MIA,0,0,,,,,,0,0,,,,,,1
303,0042100301,446,1,63,3,10:31 PM,2:44,Dedmon 1' Fadeaway Jumper (4 PTS) (Vincent 2 AST),,,74 - 82,8,4,203473,Dewayne Dedmon,1610612748.0,Miami,Heat,MIA,4,1629216,Gabe Vincent,1610612748.0,Miami,Heat,MIA,0,0,,,,,,1
304,0042100301,448,6,2,3,10:31 PM,2:29,Tucker S.FOUL (P3.PN) (Z.Zarba),,,,,4,200782,P.J. Tucker,1610612748.0,Miami,Heat,MIA,5,1628369,Jayson Tatum,1610612738.0,Boston,Celtics,BOS,1,0,,,,,,1
305,0042100301,451,3,11,3,10:32 PM,2:29,,,Tatum Free Throw 1 of 2 (25 PTS),75 - 82,7,5,1628369,Jayson Tatum,1610612738.0,Boston,Celtics,BOS,0,0,,,,,,0,0,,,,,,1
306,0042100301,452,3,12,3,10:32 PM,2:29,,,Tatum Free Throw 2 of 2 (26 PTS),76 - 82,6,5,1628369,Jayson Tatum,1610612738.0,Boston,Celtics,BOS,0,0,,,,,,0,0,,,,,,1
307,0042100301,453,1,86,3,10:32 PM,2:18,Vincent 15' Turnaround Fadeaway (12 PTS),,,76 - 84,8,4,1629216,Gabe Vincent,1610612748.0,Miami,Heat,MIA,0,0,,,,,,0,0,,,,,,1
308,0042100301,454,2,1,3,10:33 PM,2:05,,,MISS Brown 24' 3PT Jump Shot,,,5,1627759,Jaylen Brown,1610612738.0,Boston,Celtics,BOS,0,0,,,,,,0,0,,,,,,1
309,0042100301,455,4,0,3,10:33 PM,2:02,Herro REBOUND (Off:1 Def:5),,,,,4,1629639,Tyler Herro,1610612748.0,Miami,Heat,MIA,0,0,,,,,,0,0,,,,,,1
310,0042100301,457,1,80,3,10:33 PM,1:44,Vincent 25' 3PT Step Back Jump Shot (15 PTS) (Tucker 3 AST),,,76 - 87,11,4,1629216,Gabe Vincent,1610612748.0,Miami,Heat,MIA,4,200782,P.J. Tucker,1610612748.0,Miami,Heat,MIA,0,0,,,,,,1
311,0042100301,458,2,1,3,10:33 PM,1:31,,,MISS Nesmith 26' 3PT Jump Shot,,,5,1630174,Aaron Nesmith,1610612738.0,Boston,Celtics,BOS,0,0,,,,,,0,0,,,,,,1
312,0042100301,459,4,0,3,10:34 PM,1:27,Herro REBOUND (Off:1 Def:6),,,,,4,1629639,Tyler Herro,1610612748.0,Miami,Heat,MIA,0,0,,,,,,0,0,,,,,,1
313,0042100301,460,2,108,3,10:34 PM,1:18,MISS Dedmon 1' Cutting Dunk Shot,,Theis BLOCK (1 BLK),,,4,203473,Dewayne Dedmon,1610612748.0,Miami,Heat,MIA,0,0,,,,,,5,1628464,Daniel Theis,1610612738.0,Boston,Celtics,BOS,1
314,0042100301,462,4,0,3,10:34 PM,1:16,Dedmon REBOUND (Off:2 Def:0),,,,,4,203473,Dewayne Dedmon,1610612748.0,Miami,Heat,MIA,0,0,,,,,,0,0,,,,,,1
315,0042100301,463,2,1,3,10:34 PM,1:16,MISS Dedmon 3' Jump Shot,,,,,4,203473,Dewayne Dedmon,1610612748.0,Miami,Heat,MIA,0,0,,,,,,0,0,,,,,,1
316,0042100301,464,4,0,3,10:34 PM,1:16,,,Celtics Rebound,,,3,1610612738,,,,,,0,0,,,,,,0,0,,,,,,0
317,0042100301,466,8,0,3,10:34 PM,1:16,SUB: Oladipo FOR Tucker,,,,,4,200782,P.J. Tucker,1610612748.0,Miami,Heat,MIA,4,203506,Victor Oladipo,1610612748.0,Miami,Heat,MIA,0,0,,,,,,0
318,0042100301,468,2,6,3,10:34 PM,1:11,Butler BLOCK (1 BLK),,MISS Brown 2' Driving Layup,,,5,1627759,Jaylen Brown,1610612738.0,Boston,Celtics,BOS,0,0,,,,,,4,202710,Jimmy Butler,1610612748.0,Miami,Heat,MIA,1
319,0042100301,470,4,0,3,10:34 PM,1:07,Herro REBOUND (Off:1 Def:7),,,,,4,1629639,Tyler Herro,1610612748.0,Miami,Heat,MIA,0,0,,,,,,0,0,,,,,,1
320,0042100301,471,6,2,3,10:34 PM,1:06,,,Theis S.FOUL (P2.PN) (T.Brothers),,,5,1628464,Daniel Theis,1610612738.0,Boston,Celtics,BOS,4,202710,Jimmy Butler,1610612748.0,Miami,Heat,MIA,1,0,,,,,,1
321,0042100301,473,3,11,3,10:35 PM,1:06,Butler Free Throw 1 of 2 (28 PTS),,,76 - 88,12,4,202710,Jimmy Butler,1610612748.0,Miami,Heat,MIA,0,0,,,,,,0,0,,,,,,1
322,0042100301,474,8,0,3,10:35 PM,1:06,,,SUB: Pritchard FOR White,,,5,1628401,Derrick White,1610612738.0,Boston,Celtics,BOS,5,1630202,Payton Pritchard,1610612738.0,Boston,Celtics,BOS,0,0,,,,,,0
323,0042100301,476,8,0,3,10:35 PM,1:06,,,SUB: Williams FOR Brown,,,5,1627759,Jaylen Brown,1610612738.0,Boston,Celtics,BOS,5,1629684,Grant Williams,1610612738.0,Boston,Celtics,BOS,0,0,,,,,,0
324,0042100301,478,3,12,3,10:35 PM,1:06,Butler Free Throw 2 of 2 (29 PTS),,,76 - 89,13,4,202710,Jimmy Butler,1610612748.0,Miami,Heat,MIA,0,0,,,,,,0,0,,,,,,1
325,0042100301,479,5,2,3,10:36 PM,0:58,Oladipo STEAL (2 STL),,Tatum Lost Ball Turnover (P6.T14),,,5,1628369,Jayson Tatum,1610612738.0,Boston,Celtics,BOS,4,203506,Victor Oladipo,1610612748.0,Miami,Heat,MIA,0,0,,,,,,1
326,0042100301,481,10,0,3,10:36 PM,0:55,Jump Ball Oladipo vs. Tatum: Tip to Theis,,,,,4,203506,Victor Oladipo,1610612748.0,Miami,Heat,MIA,5,1628369,Jayson Tatum,1610612738.0,Boston,Celtics,BOS,5,1628464,Daniel Theis,1610612738.0,Boston,Celtics,BOS,1
327,0042100301,484,5,2,3,10:36 PM,0:55,Oladipo Lost Ball Turnover (P1.T11),,Tatum STEAL (4 STL),,,4,203506,Victor Oladipo,1610612748.0,Miami,Heat,MIA,5,1628369,Jayson Tatum,1610612738.0,Boston,Celtics,BOS,0,0,,,,,,1
328,0042100301,486,2,1,3,10:36 PM,0:48,,,MISS Nesmith 3PT Jump Shot,,,5,1630174,Aaron Nesmith,1610612738.0,Boston,Celtics,BOS,0,0,,,,,,0,0,,,,,,1
329,0042100301,487,4,0,3,10:36 PM,0:45,Dedmon REBOUND (Off:2 Def:1),,,,,4,203473,Dewayne Dedmon,1610612748.0,Miami,Heat,MIA,0,0,,,,,,0,0,,,,,,1
330,0042100301,488,6,1,3,10:36 PM,0:43,,,Tatum P.FOUL (P1.PN) (T.Brothers),,,5,1628369,Jayson Tatum,1610612738.0,Boston,Celtics,BOS,4,203473,Dewayne Dedmon,1610612748.0,Miami,Heat,MIA,1,0,,,,,,1
331,0042100301,490,3,11,3,10:37 PM,0:43,Dedmon Free Throw 1 of 2 (5 PTS),,,76 - 90,14,4,203473,Dewayne Dedmon,1610612748.0,Miami,Heat,MIA,0,0,,,,,,0,0,,,,,,1
332,0042100301,491,3,12,3,10:37 PM,0:43,Dedmon Free Throw 2 of 2 (6 PTS),,,76 - 91,15,4,203473,Dewayne Dedmon,1610612748.0,Miami,Heat,MIA,0,0,,,,,,0,0,,,,,,1
333,0042100301,492,2,101,3,10:38 PM,0:31,,,MISS Pritchard 10' Driving Floating Jump Shot,,,5,1630202,Payton Pritchard,1610612738.0,Boston,Celtics,BOS,0,0,,,,,,0,0,,,,,,1
334,0042100301,493,4,0,3,10:38 PM,0:27,Dedmon REBOUND (Off:2 Def:2),,,,,4,203473,Dewayne Dedmon,1610612748.0,Miami,Heat,MIA,0,0,,,,,,0,0,,,,,,1
335,0042100301,494,2,101,3,10:38 PM,0:20,MISS Herro 9' Driving Floating Jump Shot,,Nesmith BLOCK (2 BLK),,,4,1629639,Tyler Herro,1610612748.0,Miami,Heat,MIA,0,0,,,,,,5,1630174,Aaron Nesmith,1610612738.0,Boston,Celtics,BOS,1
336,0042100301,496,4,0,3,10:38 PM,0:16,,,Theis REBOUND (Off:1 Def:2),,,5,1628464,Daniel Theis,1610612738.0,Boston,Celtics,BOS,0,0,,,,,,0,0,,,,,,1
337,0042100301,497,5,2,3,10:38 PM,0:06,Butler STEAL (4 STL),,Tatum Lost Ball Turnover (P7.T15),,,5,1628369,Jayson Tatum,1610612738.0,Boston,Celtics,BOS,4,202710,Jimmy Butler,1610612748.0,Miami,Heat,MIA,0,0,,,,,,1
338,0042100301,499,2,41,3,10:38 PM,0:02,MISS Oladipo 1' Running Layup,,Nesmith BLOCK (3 BLK),,,4,203506,Victor Oladipo,1610612748.0,Miami,Heat,MIA,0,0,,,,,,5,1630174,Aaron Nesmith,1610612738.0,Boston,Celtics,BOS,1
339,0042100301,501,4,0,3,10:38 PM,0:00,Butler REBOUND (Off:5 Def:2),,,,,4,202710,Jimmy Butler,1610612748.0,Miami,Heat,MIA,0,0,,,,,,0,0,,,,,,1
340,0042100301,502,6,2,3,10:38 PM,0:00,,,Nesmith S.FOUL (P2.PN) (E.Malloy),,,5,1630174,Aaron Nesmith,1610612738.0,Boston,Celtics,BOS,4,202710,Jimmy Butler,1610612748.0,Miami,Heat,MIA,1,0,,,,,,1
341,0042100301,504,3,11,3,10:39 PM,0:00,Butler Free Throw 1 of 2 (30 PTS),,,76 - 92,16,4,202710,Jimmy Butler,1610612748.0,Miami,Heat,MIA,0,0,,,,,,0,0,,,,,,1
342,0042100301,505,3,12,3,10:39 PM,0:00,Butler Free Throw 2 of 2 (31 PTS),,,76 - 93,17,4,202710,Jimmy Butler,1610612748.0,Miami,Heat,MIA,0,0,,,,,,0,0,,,,,,1
343,0042100301,506,13,0,3,10:39 PM,0:00,,End of 3rd Period (10:39 PM EST),,76 - 93,17,0,0,,,,,,0,0,,,,,,0,0,,,,,,1
344,0042100301,514,12,0,4,10:43 PM,12:00,,Start of 4th Period (10:43 PM EST),,76 - 93,17,0,0,,,,,,0,0,,,,,,0,0,,,,,,0
345,0042100301,515,6,1,4,10:43 PM,11:54,Oladipo P.FOUL (P2.T1) (T.Brothers),,,,,4,203506,Victor Oladipo,1610612748.0,Miami,Heat,MIA,5,1627759,Jaylen Brown,1610612738.0,Boston,Celtics,BOS,1,0,,,,,,0
346,0042100301,517,2,1,4,10:44 PM,11:38,,,MISS Pritchard 28' 3PT Jump Shot,,,5,1630202,Payton Pritchard,1610612738.0,Boston,Celtics,BOS,0,0,,,,,,0,0,,,,,,1
347,0042100301,518,4,0,4,10:44 PM,11:33,Oladipo REBOUND (Off:0 Def:1),,,,,4,203506,Victor Oladipo,1610612748.0,Miami,Heat,MIA,0,0,,,,,,0,0,,,,,,1
348,0042100301,519,2,79,4,10:44 PM,11:13,MISS Oladipo 15' Pullup Jump Shot,,,,,4,203506,Victor Oladipo,1610612748.0,Miami,Heat,MIA,0,0,,,,,,0,0,,,,,,1
349,0042100301,520,4,0,4,10:44 PM,11:11,,,Williams III REBOUND (Off:2 Def:6),,,5,1629057,Robert Williams III,1610612738.0,Boston,Celtics,BOS,0,0,,,,,,0,0,,,,,,1
350,0042100301,521,2,1,4,10:45 PM,10:50,Oladipo BLOCK (1 BLK),,MISS Nesmith 24' 3PT Jump Shot,,,5,1630174,Aaron Nesmith,1610612738.0,Boston,Celtics,BOS,0,0,,,,,,4,203506,Victor Oladipo,1610612748.0,Miami,Heat,MIA,1
351,0042100301,523,4,0,4,10:45 PM,10:46,Butler REBOUND (Off:5 Def:3),,,,,4,202710,Jimmy Butler,1610612748.0,Miami,Heat,MIA,0,0,,,,,,0,0,,,,,,1
352,0042100301,524,6,2,4,10:45 PM,10:45,,,Nesmith S.FOUL (P3.T1) (Z.Zarba),,,5,1630174,Aaron Nesmith,1610612738.0,Boston,Celtics,BOS,4,1629639,Tyler Herro,1610612748.0,Miami,Heat,MIA,1,0,,,,,,1
353,0042100301,526,3,13,4,10:45 PM,10:45,Herro Free Throw 1 of 3 (16 PTS),,,76 - 94,18,4,1629639,Tyler Herro,1610612748.0,Miami,Heat,MIA,0,0,,,,,,0,0,,,,,,1
354,0042100301,527,3,14,4,10:45 PM,10:45,Herro Free Throw 2 of 3 (17 PTS),,,76 - 95,19,4,1629639,Tyler Herro,1610612748.0,Miami,Heat,MIA,0,0,,,,,,0,0,,,,,,0
355,0042100301,528,3,15,4,10:46 PM,10:45,Herro Free Throw 3 of 3 (18 PTS),,,76 - 96,20,4,1629639,Tyler Herro,1610612748.0,Miami,Heat,MIA,0,0,,,,,,0,0,,,,,,1
356,0042100301,530,6,2,4,10:46 PM,10:30,Dedmon S.FOUL (P2.T2) (Z.Zarba),,,,,4,203473,Dewayne Dedmon,1610612748.0,Miami,Heat,MIA,5,1630202,Payton Pritchard,1610612738.0,Boston,Celtics,BOS,1,0,,,,,,1
357,0042100301,532,3,11,4,10:46 PM,10:30,,,Pritchard Free Throw 1 of 2 (11 PTS),77 - 96,19,5,1630202,Payton Pritchard,1610612738.0,Boston,Celtics,BOS,0,0,,,,,,0,0,,,,,,1
358,0042100301,533,3,12,4,10:47 PM,10:30,,,Pritchard Free Throw 2 of 2 (12 PTS),78 - 96,18,5,1630202,Payton Pritchard,1610612738.0,Boston,Celtics,BOS,0,0,,,,,,0,0,,,,,,1
359,0042100301,534,5,40,4,10:47 PM,10:11,Herro Out of Bounds Lost Ball Turnover (P4.T12),,,,,4,1629639,Tyler Herro,1610612748.0,Miami,Heat,MIA,0,0,,,,,,1,0,,,,,,1
360,0042100301,535,6,1,4,10:47 PM,10:03,Oladipo P.FOUL (P3.T3) (Z.Zarba),,,,,4,203506,Victor Oladipo,1610612748.0,Miami,Heat,MIA,5,1627759,Jaylen Brown,1610612738.0,Boston,Celtics,BOS,1,0,,,,,,1
361,0042100301,537,8,0,4,10:48 PM,10:03,SUB: Tucker FOR Dedmon,,,,,4,203473,Dewayne Dedmon,1610612748.0,Miami,Heat,MIA,4,200782,P.J. Tucker,1610612748.0,Miami,Heat,MIA,0,0,,,,,,0
362,0042100301,538,8,0,4,10:48 PM,10:03,SUB: Adebayo FOR Butler,,,,,4,202710,Jimmy Butler,1610612748.0,Miami,Heat,MIA,4,1628389,Bam Adebayo,1610612748.0,Miami,Heat,MIA,0,0,,,,,,0
363,0042100301,542,6,14,4,10:49 PM,9:58,Adebayo FLAGRANT.FOUL.TYPE1 (P3.T4) (E.Malloy),,,,,4,1628389,Bam Adebayo,1610612748.0,Miami,Heat,MIA,5,1629057,Robert Williams III,1610612738.0,Boston,Celtics,BOS,1,0,,,,,,1
364,0042100301,545,18,0,4,10:49 PM,9:58,,Instant Replay4th Period (10:49 PM EST),,78 - 96,18,0,542,,,,,,0,0,,,,,,1,0,,,,,,0
365,0042100301,546,3,18,4,10:51 PM,9:58,,,MISS Williams III Free Throw Flagrant 1 of 2,,,5,1629057,Robert Williams III,1610612738.0,Boston,Celtics,BOS,0,0,,,,,,0,0,,,,,,0
366,0042100301,547,4,1,4,10:51 PM,9:58,,,Celtics Rebound,,,3,1610612738,,,,,,0,0,,,,,,0,0,,,,,,0
367,0042100301,548,3,19,4,10:51 PM,9:58,,,Williams III Free Throw Flagrant 2 of 2 (18 PTS),79 - 96,17,5,1629057,Robert Williams III,1610612738.0,Boston,Celtics,BOS,0,0,,,,,,0,0,,,,,,1
368,0042100301,549,2,1,4,10:51 PM,9:45,,,MISS Pritchard 29' 3PT Jump Shot,,,5,1630202,Payton Pritchard,1610612738.0,Boston,Celtics,BOS,0,0,,,,,,0,0,,,,,,1
369,0042100301,550,4,0,4,10:51 PM,9:40,,,Brown REBOUND (Off:1 Def:4),,,5,1627759,Jaylen Brown,1610612738.0,Boston,Celtics,BOS,0,0,,,,,,0,0,,,,,,1
370,0042100301,552,10,0,4,10:52 PM,9:32,Jump Ball Adebayo vs. Williams III: Tip to Pritchard,,,,,4,1628389,Bam Adebayo,1610612748.0,Miami,Heat,MIA,5,1629057,Robert Williams III,1610612738.0,Boston,Celtics,BOS,5,1630202,Payton Pritchard,1610612738.0,Boston,Celtics,BOS,1
371,0042100301,555,1,80,4,10:52 PM,9:30,,,Pritchard 24' 3PT Step Back Jump Shot (15 PTS),82 - 96,14,5,1630202,Payton Pritchard,1610612738.0,Boston,Celtics,BOS,0,0,,,,,,0,0,,,,,,1
372,0042100301,556,6,16,4,10:53 PM,9:26,,"Double Technical - Strus, Williams (T.Brothers)",,,,4,1629622,Max Strus,1610612748.0,Miami,Heat,MIA,5,1629684,Grant Williams,1610612738.0,Boston,Celtics,BOS,1,0,,,,,,1
373,0042100301,559,6,1,4,10:54 PM,9:14,,,Williams P.FOUL (P5.T2) (T.Brothers),,,5,1629684,Grant Williams,1610612738.0,Boston,Celtics,BOS,4,1628389,Bam Adebayo,1610612748.0,Miami,Heat,MIA,1,0,,,,,,1
374,0042100301,561,18,0,4,10:54 PM,9:14,,Instant Replay4th Period (10:54 PM EST),,82 - 96,14,0,0,,,,,,0,0,,,,,,1,0,,,,,,0
375,0042100301,562,8,0,4,10:55 PM,9:14,,,SUB: Tatum FOR Nesmith,,,5,1630174,Aaron Nesmith,1610612738.0,Boston,Celtics,BOS,5,1628369,Jayson Tatum,1610612738.0,Boston,Celtics,BOS,0,0,,,,,,0
376,0042100301,564,2,63,4,10:55 PM,9:07,MISS Herro 24' 3PT Fadeaway Jumper,,,,,4,1629639,Tyler Herro,1610612748.0,Miami,Heat,MIA,0,0,,,,,,0,0,,,,,,1
377,0042100301,565,4,0,4,10:55 PM,9:04,,,Williams III REBOUND (Off:2 Def:7),,,5,1629057,Robert Williams III,1610612738.0,Boston,Celtics,BOS,0,0,,,,,,0,0,,,,,,1
378,0042100301,566,6,1,4,10:55 PM,9:04,Tucker P.FOUL (P4.PN) (E.Malloy),,,,,4,200782,P.J. Tucker,1610612748.0,Miami,Heat,MIA,5,1627759,Jaylen Brown,1610612738.0,Boston,Celtics,BOS,1,0,,,,,,1
379,0042100301,569,3,11,4,10:55 PM,9:04,,,MISS Brown Free Throw 1 of 2,,,5,1627759,Jaylen Brown,1610612738.0,Boston,Celtics,BOS,0,0,,,,,,0,0,,,,,,1
380,0042100301,570,4,1,4,10:55 PM,9:04,,,Celtics Rebound,,,3,1610612738,,,,,,0,0,,,,,,0,0,,,,,,0
381,0042100301,571,3,12,4,10:55 PM,9:04,,,MISS Brown Free Throw 2 of 2,,,5,1627759,Jaylen Brown,1610612738.0,Boston,Celtics,BOS,0,0,,,,,,0,0,,,,,,1
382,0042100301,572,4,0,4,10:55 PM,9:02,,,Celtics Rebound,,,3,1610612738,,,,,,0,0,,,,,,0,0,,,,,,0
383,0042100301,574,1,1,4,10:56 PM,8:58,,,Brown 16' Jump Shot (11 PTS) (Pritchard 3 AST),84 - 96,12,5,1627759,Jaylen Brown,1610612738.0,Boston,Celtics,BOS,5,1630202,Payton Pritchard,1610612738.0,Boston,Celtics,BOS,0,0,,,,,,1
384,0042100301,576,2,101,4,10:57 PM,8:29,MISS Oladipo 8' Driving Floating Jump Shot,,,,,4,203506,Victor Oladipo,1610612748.0,Miami,Heat,MIA,0,0,,,,,,0,0,,,,,,1
385,0042100301,577,4,0,4,10:57 PM,8:24,,,Brown REBOUND (Off:1 Def:5),,,5,1627759,Jaylen Brown,1610612738.0,Boston,Celtics,BOS,0,0,,,,,,0,0,,,,,,1
386,0042100301,578,6,1,4,10:57 PM,8:21,Adebayo P.FOUL (P4.PN) (Z.Zarba),,,,,4,1628389,Bam Adebayo,1610612748.0,Miami,Heat,MIA,5,1629684,Grant Williams,1610612738.0,Boston,Celtics,BOS,1,0,,,,,,1
387,0042100301,581,3,11,4,10:58 PM,8:21,,,Williams Free Throw 1 of 2 (6 PTS),85 - 96,11,5,1629684,Grant Williams,1610612738.0,Boston,Celtics,BOS,0,0,,,,,,0,0,,,,,,1
388,0042100301,582,8,0,4,10:58 PM,8:21,SUB: Butler FOR Oladipo,,,,,4,203506,Victor Oladipo,1610612748.0,Miami,Heat,MIA,4,202710,Jimmy Butler,1610612748.0,Miami,Heat,MIA,0,0,,,,,,0
389,0042100301,584,3,12,4,10:58 PM,8:21,,,Williams Free Throw 2 of 2 (7 PTS),86 - 96,10,5,1629684,Grant Williams,1610612738.0,Boston,Celtics,BOS,0,0,,,,,,0,0,,,,,,1
390,0042100301,585,9,1,4,10:59 PM,8:11,HEAT Timeout: Regular (Full 4 Short 0),,,,,2,1610612748,,,,,,0,0,,,,,,0,0,,,,,,0
391,0042100301,586,8,0,4,10:59 PM,8:11,SUB: Vincent FOR Herro,,,,,4,1629639,Tyler Herro,1610612748.0,Miami,Heat,MIA,4,1629216,Gabe Vincent,1610612748.0,Miami,Heat,MIA,0,0,,,,,,0
392,0042100301,588,1,63,4,11:03 PM,7:52,Butler 21' Fadeaway Jumper (33 PTS) (Strus 1 AST),,,86 - 98,12,4,202710,Jimmy Butler,1610612748.0,Miami,Heat,MIA,4,1629622,Max Strus,1610612748.0,Miami,Heat,MIA,0,0,,,,,,1
393,0042100301,590,1,79,4,11:03 PM,7:35,,,Tatum 25' 3PT Pullup Jump Shot (29 PTS),89 - 98,9,5,1628369,Jayson Tatum,1610612738.0,Boston,Celtics,BOS,0,0,,,,,,0,0,,,,,,1
394,0042100301,591,1,1,4,11:03 PM,7:15,Tucker 24' 3PT Jump Shot (5 PTS) (Vincent 3 AST),,,89 - 101,12,4,200782,P.J. Tucker,1610612748.0,Miami,Heat,MIA,4,1629216,Gabe Vincent,1610612748.0,Miami,Heat,MIA,0,0,,,,,,1
395,0042100301,593,1,80,4,11:04 PM,6:57,,,Brown 24' 3PT Step Back Jump Shot (14 PTS),92 - 101,9,5,1627759,Jaylen Brown,1610612738.0,Boston,Celtics,BOS,0,0,,,,,,0,0,,,,,,1
396,0042100301,594,1,1,4,11:04 PM,6:34,Strus 27' 3PT Jump Shot (8 PTS) (Butler 4 AST),,,92 - 104,12,4,1629622,Max Strus,1610612748.0,Miami,Heat,MIA,4,202710,Jimmy Butler,1610612748.0,Miami,Heat,MIA,0,0,,,,,,1
397,0042100301,596,5,39,4,11:04 PM,6:23,,,Williams Step Out of Bounds Turnover (P2.T16),,,5,1629684,Grant Williams,1610612738.0,Boston,Celtics,BOS,0,0,,,,,,1,0,,,,,,1
398,0042100301,597,6,2,4,11:05 PM,6:02,,,Williams III S.FOUL (P3.T3) (Z.Zarba),,,5,1629057,Robert Williams III,1610612738.0,Boston,Celtics,BOS,4,1628389,Bam Adebayo,1610612748.0,Miami,Heat,MIA,1,0,,,,,,1
399,0042100301,599,9,1,4,11:05 PM,6:02,,,Celtics Timeout: Regular (Reg.4 Short 0),,,3,1610612738,,,,,,0,0,,,,,,0,0,,,,,,0
400,0042100301,600,8,0,4,11:07 PM,6:02,,,SUB: White FOR Williams,,,5,1629684,Grant Williams,1610612738.0,Boston,Celtics,BOS,5,1628401,Derrick White,1610612738.0,Boston,Celtics,BOS,0,0,,,,,,0
401,0042100301,601,8,0,4,11:07 PM,6:02,,,SUB: Theis FOR Williams III,,,5,1629057,Robert Williams III,1610612738.0,Boston,Celtics,BOS,5,1628464,Daniel Theis,1610612738.0,Boston,Celtics,BOS,0,0,,,,,,0
402,0042100301,604,3,11,4,11:09 PM,6:02,Adebayo Free Throw 1 of 2 (10 PTS),,,92 - 105,13,4,1628389,Bam Adebayo,1610612748.0,Miami,Heat,MIA,0,0,,,,,,0,0,,,,,,1
403,0042100301,605,3,12,4,11:09 PM,6:02,MISS Adebayo Free Throw 2 of 2,,,,,4,1628389,Bam Adebayo,1610612748.0,Miami,Heat,MIA,0,0,,,,,,0,0,,,,,,1
404,0042100301,606,4,0,4,11:09 PM,6:00,,,Brown REBOUND (Off:1 Def:6),,,5,1627759,Jaylen Brown,1610612738.0,Boston,Celtics,BOS,0,0,,,,,,0,0,,,,,,1
405,0042100301,621,2,6,4,11:10 PM,5:52,Adebayo BLOCK (4 BLK),,MISS Tatum 4' Driving Layup,,,5,1628369,Jayson Tatum,1610612738.0,Boston,Celtics,BOS,0,0,,,,,,4,1628389,Bam Adebayo,1610612748.0,Miami,Heat,MIA,1
406,0042100301,623,4,0,4,11:10 PM,5:51,,,Tatum REBOUND (Off:1 Def:6),,,5,1628369,Jayson Tatum,1610612738.0,Boston,Celtics,BOS,0,0,,,,,,0,0,,,,,,1
407,0042100301,607,10,0,4,11:11 PM,5:35,Jump Ball Adebayo vs. Theis: Tip to Theis,,,,,4,1628389,Bam Adebayo,1610612748.0,Miami,Heat,MIA,5,1628464,Daniel Theis,1610612738.0,Boston,Celtics,BOS,5,1628464,Daniel Theis,1610612738.0,Boston,Celtics,BOS,1
408,0042100301,610,2,1,4,11:11 PM,5:33,,,MISS Theis 7' Jump Shot,,,5,1628464,Daniel Theis,1610612738.0,Boston,Celtics,BOS,0,0,,,,,,0,0,,,,,,1
409,0042100301,611,4,0,4,11:11 PM,5:29,,,Brown REBOUND (Off:2 Def:6),,,5,1627759,Jaylen Brown,1610612738.0,Boston,Celtics,BOS,0,0,,,,,,0,0,,,,,,1
410,0042100301,612,2,97,4,11:11 PM,5:29,,,MISS Brown Tip Layup Shot,,,5,1627759,Jaylen Brown,1610612738.0,Boston,Celtics,BOS,0,0,,,,,,0,0,,,,,,1
411,0042100301,613,4,0,4,11:11 PM,5:27,Strus REBOUND (Off:1 Def:1),,,,,4,1629622,Max Strus,1610612748.0,Miami,Heat,MIA,0,0,,,,,,0,0,,,,,,1
412,0042100301,614,2,103,4,11:11 PM,5:24,MISS Butler 15' Running Pull-Up Jump Shot,,,,,4,202710,Jimmy Butler,1610612748.0,Miami,Heat,MIA,0,0,,,,,,0,0,,,,,,1
413,0042100301,615,4,0,4,11:11 PM,5:22,,,Brown REBOUND (Off:2 Def:7),,,5,1627759,Jaylen Brown,1610612738.0,Boston,Celtics,BOS,0,0,,,,,,0,0,,,,,,1
414,0042100301,616,6,2,4,11:11 PM,5:19,Vincent S.FOUL (P4.PN) (Z.Zarba),,,,,4,1629216,Gabe Vincent,1610612748.0,Miami,Heat,MIA,5,1627759,Jaylen Brown,1610612738.0,Boston,Celtics,BOS,1,0,,,,,,1
415,0042100301,618,3,11,4,11:11 PM,5:19,,,Brown Free Throw 1 of 2 (15 PTS),93 - 105,12,5,1627759,Jaylen Brown,1610612738.0,Boston,Celtics,BOS,0,0,,,,,,0,0,,,,,,1
416,0042100301,619,3,12,4,11:12 PM,5:19,,,Brown Free Throw 2 of 2 (16 PTS),94 - 105,11,5,1627759,Jaylen Brown,1610612738.0,Boston,Celtics,BOS,0,0,,,,,,0,0,,,,,,1
417,0042100301,620,1,47,4,11:12 PM,5:00,Butler 14' Turnaround Jump Shot (35 PTS),,,94 - 107,13,4,202710,Jimmy Butler,1610612748.0,Miami,Heat,MIA,0,0,,,,,,0,0,,,,,,1
418,0042100301,624,2,1,4,11:12 PM,4:44,Butler BLOCK (2 BLK),,MISS Tatum 24' 3PT Jump Shot,,,5,1628369,Jayson Tatum,1610612738.0,Boston,Celtics,BOS,0,0,,,,,,4,202710,Jimmy Butler,1610612748.0,Miami,Heat,MIA,1
419,0042100301,626,4,0,4,11:12 PM,4:44,,,Celtics Rebound,,,3,1610612738,,,,,,0,0,,,,,,0,0,,,,,,0
420,0042100301,628,1,43,4,11:13 PM,4:36,,,Theis 1' Alley Oop Layup (8 PTS) (Pritchard 4 AST),96 - 107,11,5,1628464,Daniel Theis,1610612738.0,Boston,Celtics,BOS,5,1630202,Payton Pritchard,1610612738.0,Boston,Celtics,BOS,0,0,,,,,,1
421,0042100301,630,6,2,4,11:13 PM,4:16,,,White S.FOUL (P3.T4) (E.Malloy),,,5,1628401,Derrick White,1610612738.0,Boston,Celtics,BOS,4,202710,Jimmy Butler,1610612748.0,Miami,Heat,MIA,1,0,,,,,,1
422,0042100301,632,3,11,4,11:14 PM,4:16,Butler Free Throw 1 of 2 (36 PTS),,,96 - 108,12,4,202710,Jimmy Butler,1610612748.0,Miami,Heat,MIA,0,0,,,,,,0,0,,,,,,1
423,0042100301,633,3,12,4,11:14 PM,4:16,Butler Free Throw 2 of 2 (37 PTS),,,96 - 109,13,4,202710,Jimmy Butler,1610612748.0,Miami,Heat,MIA,0,0,,,,,,0,0,,,,,,1
424,0042100301,634,2,80,4,11:14 PM,4:08,,,MISS Pritchard 27' 3PT Step Back Jump Shot,,,5,1630202,Payton Pritchard,1610612738.0,Boston,Celtics,BOS,0,0,,,,,,0,0,,,,,,1
425,0042100301,635,4,0,4,11:14 PM,4:06,Tucker REBOUND (Off:0 Def:5),,,,,4,200782,P.J. Tucker,1610612748.0,Miami,Heat,MIA,0,0,,,,,,0,0,,,,,,1
426,0042100301,636,2,1,4,11:14 PM,3:50,MISS Vincent 3PT Jump Shot,,,,,4,1629216,Gabe Vincent,1610612748.0,Miami,Heat,MIA,0,0,,,,,,0,0,,,,,,1
427,0042100301,637,4,0,4,11:14 PM,3:48,,,Pritchard REBOUND (Off:1 Def:4),,,5,1630202,Payton Pritchard,1610612738.0,Boston,Celtics,BOS,0,0,,,,,,0,0,,,,,,1
428,0042100301,638,1,1,4,11:15 PM,3:41,,,Brown 26' 3PT Jump Shot (19 PTS) (Theis 2 AST),99 - 109,10,5,1627759,Jaylen Brown,1610612738.0,Boston,Celtics,BOS,5,1628464,Daniel Theis,1610612738.0,Boston,Celtics,BOS,0,0,,,,,,1
429,0042100301,640,9,1,4,11:15 PM,3:29,HEAT Timeout: Regular (Full 5 Short 0),,,,,2,1610612748,,,,,,0,0,,,,,,0,0,,,,,,0
430,0042100301,641,1,1,4,11:17 PM,3:18,Strus 27' 3PT Jump Shot (11 PTS) (Butler 5 AST),,,99 - 112,13,4,1629622,Max Strus,1610612748.0,Miami,Heat,MIA,4,202710,Jimmy Butler,1610612748.0,Miami,Heat,MIA,0,0,,,,,,1
431,0042100301,643,9,1,4,11:17 PM,3:09,,,Celtics Timeout: Regular (Reg.5 Short 0),,,3,1610612738,,,,,,0,0,,,,,,0,0,,,,,,0
432,0042100301,644,1,1,4,11:19 PM,2:55,,,Brown 24' 3PT Jump Shot (22 PTS) (Tatum 6 AST),102 - 112,10,5,1627759,Jaylen Brown,1610612738.0,Boston,Celtics,BOS,5,1628369,Jayson Tatum,1610612738.0,Boston,Celtics,BOS,0,0,,,,,,1
433,0042100301,646,1,86,4,11:19 PM,2:30,Butler 11' Turnaround Fadeaway (39 PTS),,,102 - 114,12,4,202710,Jimmy Butler,1610612748.0,Miami,Heat,MIA,0,0,,,,,,0,0,,,,,,1
434,0042100301,647,6,1,4,11:19 PM,2:24,Butler P.FOUL (P3.PN) (Z.Zarba),,,,,4,202710,Jimmy Butler,1610612748.0,Miami,Heat,MIA,5,1627759,Jaylen Brown,1610612738.0,Boston,Celtics,BOS,1,0,,,,,,1
435,0042100301,650,3,11,4,11:20 PM,2:24,,,Brown Free Throw 1 of 2 (23 PTS),103 - 114,11,5,1627759,Jaylen Brown,1610612738.0,Boston,Celtics,BOS,0,0,,,,,,0,0,,,,,,1
436,0042100301,651,3,12,4,11:20 PM,2:24,,,Brown Free Throw 2 of 2 (24 PTS),104 - 114,10,5,1627759,Jaylen Brown,1610612738.0,Boston,Celtics,BOS,0,0,,,,,,0,0,,,,,,1
437,0042100301,652,2,1,4,11:20 PM,2:07,MISS Tucker 24' 3PT Jump Shot,,,,,4,200782,P.J. Tucker,1610612748.0,Miami,Heat,MIA,0,0,,,,,,0,0,,,,,,1
438,0042100301,653,4,0,4,11:20 PM,2:05,,,Brown REBOUND (Off:2 Def:8),,,5,1627759,Jaylen Brown,1610612738.0,Boston,Celtics,BOS,0,0,,,,,,0,0,,,,,,1
439,0042100301,654,2,1,4,11:21 PM,1:56,,,MISS Tatum 26' 3PT Jump Shot,,,5,1628369,Jayson Tatum,1610612738.0,Boston,Celtics,BOS,0,0,,,,,,0,0,,,,,,1
440,0042100301,655,4,0,4,11:21 PM,1:55,Tucker REBOUND (Off:0 Def:6),,,,,4,200782,P.J. Tucker,1610612748.0,Miami,Heat,MIA,0,0,,,,,,0,0,,,,,,1
441,0042100301,656,2,86,4,11:21 PM,1:33,MISS Adebayo 10' Turnaround Fadeaway Shot,,,,,4,1628389,Bam Adebayo,1610612748.0,Miami,Heat,MIA,0,0,,,,,,0,0,,,,,,1
442,0042100301,657,4,0,4,11:21 PM,1:30,,,Theis REBOUND (Off:1 Def:3),,,5,1628464,Daniel Theis,1610612738.0,Boston,Celtics,BOS,0,0,,,,,,0,0,,,,,,1
443,0042100301,658,1,103,4,11:21 PM,1:28,,,Pritchard 25' 3PT Running Pull-Up Jump Shot (18 PTS),107 - 114,7,5,1630202,Payton Pritchard,1610612738.0,Boston,Celtics,BOS,0,0,,,,,,0,0,,,,,,1
444,0042100301,660,6,1,4,11:21 PM,1:25,,,White P.FOUL (P4.PN) (T.Brothers),,,5,1628401,Derrick White,1610612738.0,Boston,Celtics,BOS,4,1629216,Gabe Vincent,1610612748.0,Miami,Heat,MIA,1,0,,,,,,1
445,0042100301,662,3,11,4,11:22 PM,1:25,Vincent Free Throw 1 of 2 (16 PTS),,,107 - 115,8,4,1629216,Gabe Vincent,1610612748.0,Miami,Heat,MIA,0,0,,,,,,0,0,,,,,,1
446,0042100301,663,3,12,4,11:22 PM,1:25,Vincent Free Throw 2 of 2 (17 PTS),,,107 - 116,9,4,1629216,Gabe Vincent,1610612748.0,Miami,Heat,MIA,0,0,,,,,,0,0,,,,,,1
447,0042100301,664,2,6,4,11:22 PM,1:13,Butler BLOCK (3 BLK),,MISS Pritchard 2' Driving Layup,,,5,1630202,Payton Pritchard,1610612738.0,Boston,Celtics,BOS,0,0,,,,,,4,202710,Jimmy Butler,1610612748.0,Miami,Heat,MIA,1
448,0042100301,666,4,0,4,11:22 PM,1:10,Butler REBOUND (Off:5 Def:4),,,,,4,202710,Jimmy Butler,1610612748.0,Miami,Heat,MIA,0,0,,,,,,0,0,,,,,,1
449,0042100301,667,2,1,4,11:23 PM,0:51,MISS Butler 27' 3PT Jump Shot,,,,,4,202710,Jimmy Butler,1610612748.0,Miami,Heat,MIA,0,0,,,,,,0,0,,,,,,1
450,0042100301,668,4,0,4,11:23 PM,0:48,,,Tatum REBOUND (Off:1 Def:7),,,5,1628369,Jayson Tatum,1610612738.0,Boston,Celtics,BOS,0,0,,,,,,0,0,,,,,,1
451,0042100301,669,2,6,4,11:23 PM,0:43,,,MISS Tatum 3' Driving Layup,,,5,1628369,Jayson Tatum,1610612738.0,Boston,Celtics,BOS,0,0,,,,,,0,0,,,,,,1
452,0042100301,670,4,0,4,11:23 PM,0:41,Strus REBOUND (Off:1 Def:2),,,,,4,1629622,Max Strus,1610612748.0,Miami,Heat,MIA,0,0,,,,,,0,0,,,,,,1
453,0042100301,671,1,5,4,11:23 PM,0:35,Butler 2' Layup (41 PTS) (Strus 2 AST),,,107 - 118,11,4,202710,Jimmy Butler,1610612748.0,Miami,Heat,MIA,4,1629622,Max Strus,1610612748.0,Miami,Heat,MIA,0,0,,,,,,1
454,0042100301,673,2,79,4,11:23 PM,0:28,,,MISS Pritchard 27' 3PT Pullup Jump Shot,,,5,1630202,Payton Pritchard,1610612738.0,Boston,Celtics,BOS,0,0,,,,,,0,0,,,,,,1
455,0042100301,674,4,0,4,11:23 PM,0:28,Strus REBOUND (Off:1 Def:3),,,,,4,1629622,Max Strus,1610612748.0,Miami,Heat,MIA,0,0,,,,,,0,0,,,,,,1
456,0042100301,675,5,11,4,11:23 PM,0:03,HEAT Turnover: Shot Clock (T#13),,,,,2,1610612748,,,,,,0,0,,,,,,0,0,,,,,,0
457,0042100301,676,13,0,4,11:24 PM,0:00,,End of 4th Period (11:24 PM EST),,107 - 118,11,0,0,,,,,,0,0,,,,,,0,0,,,,,,1
